[-0.03676016460772147, 0.06569768546525612, 0.008241453763070061, 0.04141678415180733, 0.052350044633660914, -0.019958293819367395, -0.0515553778859039, -0.08100719954633454, -0.09926123577118091, -0.08763202289285454, 0.016929029670462087, 0.009891728232966912, 0.08775934765999927, 0.03703506743107579, -0.09281273289319339, -0.02256851173753323]
[0.038969197586887216, -0.0735857072397232, 0.013449287925802203, 0.06660008409032286, 0.03495636086580928, 0.005511874611395934, 0.00573574352264683, -0.06457475644785601, -0.059749576524843986, 0.021741981354899867, -0.048571705220569555, -0.07855060579810508, -0.04017136954235861, 0.016482412521817397, 0.05667079214206336, 0.005218575985066892]
[0.023628668588598023, 0.09538607581997391, -0.006346143515740588, -0.04968792254329775, -0.03298531145988015, 0.09349035632135058, -0.09601178487461322, -0.06899251474969213, 0.0842664024858569, -0.005120921850653132, 0.08708680890748385, -0.061233691058819706, -0.07522520019632946, 0.034429275789051667, -0.05031932351644606, 0.058049121461214465]
[-0.08001525817531069, -0.0031007954219016975, -0.08704150461712241, 0.07633421716424996, 0.057122166699223126, -0.04371012559460046, -0.08607367462457492, 0.05456310583651475, 0.09037268353211889, -0.04272837087057409, 0.08431927042762288, -0.05719199624235685, 0.01248485185317956, -0.08978904303997759, -0.0796353111019079, 0.028302583826584238]
[0.013680569385196087, 0.0625663826389414, 0.0526731140447923, -0.08817265580901501, -0.008469497320602717, -0.08008538319332936, -0.022458154126662272, 0.018924249250069344, -0.0978507397757209, 0.038984764832138474, -0.050641220083038535, -0.08000211250471614, 0.012061056179892768, -0.040300566064173406, -0.01980723127379047, -0.02783504844597072]
[0.02375168396249079, 0.022679975127432875, 0.0009983546556035366, -0.048855317636763186, 0.008077664354196795, 0.04695579008605785, 0.05517367569040155, -0.023320868595215247, 0.07497325281638828, -0.06478216052230526, -0.07386908536895394, 0.021125942999616315, 0.02587083591317879, 0.0021553976140330083, -0.06019253872215172, 0.02288425958286973]
[-0.08572587994552337, 0.07721401877660353, -0.022464391364483194, 0.026380375759476632, 0.08972795585074625, -0.0216077420551897, 0.04099322334205319, 0.05271386867606495, -0.06470604037592514, 0.012046402878140433, 0.051027050438777005, -0.05308828740766054, 0.07542243785356223, 0.016101314538993286, -0.02044158183239568, -0.049679380714708746]
[0.04190765272350003, -0.04165567726103996, -0.014036069849353086, -0.015560128472467016, -0.05746876852632721, 0.05631635416361552, -0.057577322879075576, 0.04048923018493805, -0.015356851687848977, 0.08092466940690332, 0.08765455604422598, 0.08733355833277806, 0.09279723714301094, 0.07893760195921226, 0.014445068835094249, -0.007369344340631523]
[0.0001131729992895486, -0.02954290794430943, -0.004298222696689141, 0.09933288844117569, 0.05075994435571615, -0.06685372202862669, 0.09364695374716583, 0.06901943597782176, 0.08682170247880824, 8.427152572181018e-05, -0.024722757409590762, 0.08200900459998187, -0.042645779029167934, 0.08922620339158499, -0.0968934597054114, -0.05565043059658566]
[-0.0893271438858016, 0.009383392851648312, -0.057099836644177, 0.0071176103938488805, 0.09843079197407839, -0.09468390151286915, 0.022329248389289513, 0.015447187079048463, -0.0849077662025246, 0.048790609385679334, 0.07805758817635541, -0.09173745827106315, 0.047706103370916075, 0.0007127152446460006, 0.08874756061589115, 0.05716094503282407]
[-0.0713492563076744, -0.04015626575312941, -0.07478653067365847, -0.05404269799255823, 0.02311766397264589, -0.09458342884169407, 0.01220846679792234, 0.08222586762276046, -0.09891728373864342, -0.04859791387009893, -0.07114947478833462, 0.00664758749688002, -0.05737628219455955, 0.06645337777631144, 0.0039607003781142874, 0.0030619813061170537]
[-0.08470864262338235, -0.08915038709368589, -0.010151767894991531, -0.029995667653789068, 0.03458713365365171, -0.09095059411622192, -0.0331720027671715, -0.02969759481092571, -0.03880378743933044, 0.04728177416281826, -0.027797297766724946, 0.0039221583245201835, -0.045338647655853936, 0.02575271136803181, 0.05625053718960615, 0.08154385176375262]
[0.053896253500781754, 0.0977407994856486, 0.06604131781597097, 0.031433509965516804, -0.06306760907313771, 0.037653084673486825, -0.04021365311558692, 0.03786008891208234, 0.05090871897190993, 0.03276846255341373, 0.05454051486934994, 0.0456198081246634, 0.06479358370799979, 0.03902510909660098, 0.09931603346450055, 0.06320547578214061]
[-0.07702828473136428, -0.040150102822039374, -0.04928862154656138, -0.09148426705967896, 0.006153097191380658, 0.06652150434618273, 0.0026444236450238606, -0.07023850612188894, 0.06509999353368814, -0.01610769106897987, 0.00844312611266887, -0.047300442019778594, 0.06877476587346779, 0.06808521801718789, -0.09325553826664981, 0.00013371953343577214]
[0.010847482561055985, -0.051066693874581987, -0.02007911442425883, 0.02522634711444316, -0.0816636865639131, -0.07298905037372255, -0.07702623638721043, 0.024292563779466494, 0.0913569647004841, -0.05621696485427197, 0.0730177706785046, -0.09883113699324123, 0.07265725886225555, 0.044571487895093576, 0.08917314237809643, -0.07566292664319163]
[0.0006683823215166279, 0.09462775539444981, 0.06566340901794313, 0.07533652373860614, -0.04967480722600364, -0.010687296838551338, -0.06619852137497735, -0.07299351733799993, -0.018268080838651543, -0.07594288350535715, -0.029798523223276543, -0.07040262318021982, 0.006483762582276606, -0.027325324269003498, 0.07071365579049271, -0.06580460727340623]
[0.0778672876642513, -0.005252916804941915, -0.006914515119366693, 0.015094822094981142, 0.08769985916579492, 0.07099271560350509, 0.06737357187696699, 0.09462780934372883, -0.0430626249462452, -0.06874160569996815, -0.09939865949480092, -0.006010146409785991, 0.09242203531735113, -0.05890423930589597, -0.035272678639426916, 0.04040799827863467]
[-0.01601531578312891, -0.09002321000854085, 0.09749385842809366, 0.08354847077602373, -0.05931842685981972, 0.05201782038216243, 0.041287329471362516, -0.09964441648478772, 0.04752799206280561, -0.05666608657936367, 0.055239816237779044, -0.05155909370550782, -0.03763255124697014, 0.034258905423410424, 0.03436663995559802, 0.0853698476277712]
[0.04578356438632378, 0.05007393895206688, -0.07557611372655632, -0.05212072288993788, -0.07325174054358641, -0.04876956837582252, 0.009871267545663726, -0.08247172714573117, 0.06368075151196487, -0.0740740522119545, 0.020733676189343145, -0.03704204459373672, 0.090228423159951, -0.09739114227825907, -0.08667353151315674, -0.021496002912937656]
[-0.0123925158712066, -0.042742822443393384, 0.06571885184500068, -0.014312900530982511, -0.058679026457644605, -0.039751317113171994, -0.02330375416460506, -0.06130871001054641, 0.0891127865253322, -0.0729676853649349, 0.09865505213449322, 0.008671086954811072, 0.09744389349430066, -0.0016856617933499185, -0.03775035497767041, 0.03613506194779287]
[0.09706117161862324, -0.03222197575756147, -0.03883753490889046, -0.0024923634714247855, -0.09904298834299306, 0.05319344845929297, 0.021891885902290936, -0.011947155305263024, 0.06620881946998369, -0.039892522808502376, -0.0422209808445369, 0.030121414301596094, -0.012054638618784391, -0.03365123760535674, 0.007235129066554324, -0.06585692819754303]
[-0.08301377611451902, 0.09371286623276462, -0.020124658633799572, 0.019728297709156878, 0.05371989115558293, -0.02511897490525264, 0.08347040876692621, -0.088198841983242, 0.06329541500223357, -0.055360205658588506, 0.04833126848721339, -0.03946031505683503, -0.0566617047043482, -0.054989565802424915, 0.03113589416962481, -0.046998102812212776]
[0.03238890744320164, -0.01474586992846287, 0.04514982888985622, -0.0491645406373189, 0.09722671745373554, 0.0023521727875001064, 0.054913420215335046, -0.030862955600124684, -0.022409695266625132, -0.07967716042620253, -0.07048643171429757, -0.06841519433151741, -0.07155986889676641, 0.09733785412251714, 0.07110246621244642, -0.027262424875604138]
[0.08880717298619922, 0.04712104390371033, -0.09754451714122458, 0.09174226518064185, 0.009791304162067166, 0.07724880564249978, -0.03789645664824748, 0.09896162026049812, 0.03760782048369443, 0.08434887244101377, -0.05740647969228634, -0.005775738100586292, 0.013306504177015357, 0.012432522724775491, 0.0460056976754846, -0.011706339353425271]
[-0.020841839319219305, 0.0718941934476249, 0.07233159296671254, 0.07287940453939579, -0.004263805580057567, 0.009845168765529017, -0.018791904300114015, -0.09232221842950483, 0.03706697600286979, -0.05177537784680744, 0.09466407424445705, 0.07092339860956187, 0.06428335018615086, -0.08794090885360349, 0.028542487649717674, -0.04918759338219417]
[0.048500725155651236, 0.026833941507388548, -0.08769883783023516, -0.04447528686373832, 0.08308706676567756, -0.009586768579457991, -0.06093846087499029, 0.07561648538700314, 0.00814644641738313, -0.012202196025225737, -0.07742053087214654, 0.049396002478101386, 0.02603077040294427, -0.046134738643973355, -0.02716399105163443, -0.09376348652901295]
[0.09578538964599956, 0.04255955722713278, 0.09881551005806008, 0.052262894963045564, 0.08520428268341873, -0.04149575762689411, -0.0015816384173515663, 0.08257080633078792, -0.06280969420605159, 0.06308658063829256, 0.09447347058736955, 0.03386768996998488, -0.03634445269625068, -0.0063316498159053936, 0.012440156960373372, -0.0215363671696861]
[0.014582175906439662, -0.045641517816075394, 0.024091749117069766, 0.09415005851847016, 0.06990835254770741, 0.0209837825341342, -0.04426079889063899, -0.01099977060543425, 0.024050135491847716, 0.04616316774312457, 0.06385710916458445, -0.020607189585445274, -0.09282837948663043, 0.040455362028571085, -0.09536939330893175, 0.023624582514836193]
[0.08865613264955136, 0.08454603481144529, 0.0765793820336313, 0.005114415798841046, -0.06952828500199014, 0.07288803015236905, 0.08064272586947102, -0.041851737996319895, -0.009509466286380455, -0.0676307026089066, -0.06939340620350301, -0.058995001302901674, -0.0758104411904472, 0.031169208361038203, 0.07048556174897175, -0.010173347685367401]
[0.09870210343367053, 0.003545569097457707, 0.08792590109959628, 0.06939509538658928, 0.02191848084144052, -0.012621306162982626, 0.02848162770072865, 0.005748958202859297, -0.023908995186418563, -0.07492674417702408, 0.05789282645500274, 0.09513195978674882, -0.07844985083812234, -0.09309425424086992, -0.06859658758444426, 0.057479401732523]
[0.06662756831364475, -0.05762918325823949, -0.05488287189610568, 0.08893584028143076, -0.014330305975490204, 0.07181919635080694, 0.08510934000525497, 0.08726249534178063, -0.05398748688144237, -0.028955325940374976, 0.08494754631075202, 0.09939245319414716, -0.05381180840794382, 0.013581467503741423, 0.007768099121583133, -0.09873367155939397]
[-0.057510514152911134, 0.0006135118398149092, -0.06290065345814821, 0.07103781333317824, -0.030627011357403963, 0.08457614891291096, 0.09708256169346405, 0.05968967358156149, -0.021856496197535907, -0.09830044635048459, -0.04624356973159656, 0.054599454742230075, -0.038951111657745945, 0.0442400474836501, 0.017209636217586824, -0.053172802505740774]
[-0.03743043468601437, -0.05256497446399673, 0.03817218487394389, 0.07546351309509464, -0.04843036482598018, 0.09038983347246152, 0.09990531462332045, -0.06500481373036154, -0.07707006736025411, 0.08147129778787601, 0.07813659947528281, 0.09891797055144824, -0.06417288162134419, -0.06992827827499784, 0.05579931395107626, -0.049200418237306726]
[-0.021156784833976164, -0.01830070335530609, 0.0713070097589232, -0.07628697221772969, -0.054156197854672544, 0.029136831844888078, 0.0818047381123066, 0.0736023740192103, 0.01813797804934683, -0.06496134606603228, -0.03039790954677575, -0.05126104865339747, 0.07103483620731829, -0.07761890590398333, 0.044497879207347185, -0.06419193310794824]
[0.08294609108859319, 0.09244540144115718, -0.03559195390880231, 0.09332619096617314, -0.009615619894992794, -0.09755676391193549, -0.09450725944060186, -0.021648379195237877, 0.09154281593525532, 0.04895031471114292, -0.029781474971264363, 0.034651929103285795, 0.059167083862748576, 0.06594815797019588, -0.03527209894044346, -0.0006162127534383999]
[-0.03866547844251733, 0.06672701153201696, 0.04626723657706405, -0.09046119997945808, -0.08407516248734899, 0.01490079148782672, 0.08998446516954889, -0.03466578344488387, -0.07107790404440575, 0.04719720657821261, 0.010003581875331055, 0.07964738562752302, -0.0691963532854711, 0.02037761366669852, 0.06060125257920421, -0.03727306093495224]
[-0.007232642602568465, 0.013598491858058906, 0.08383540493138478, -0.09210219835136782, -0.0699210867498507, 0.04684222333013238, 0.06665592689346075, 0.015855873425593983, -0.05091493872459259, -0.021829830479464893, -0.032636377732324334, -0.05965477042862333, 0.029810956002054467, -0.014299632987755648, -0.08803614309582992, -0.03515058524142314]
[-0.02758712329686007, 0.04175366960530694, 0.02915122221455496, 0.0395444696166628, -0.002613896385336531, -0.03114439848403104, 0.05495267433005546, -0.03544694751082948, 0.06393954900656534, 0.06527308176811172, -0.0710677361528064, 0.04040552440321499, -0.05507830737923321, -0.015588329613924867, -0.0860247106081507, -0.036265488239933724]
[0.04655641499163371, 0.07573221776483507, 0.01505574446350326, 0.009586997710620174, 0.021794861412200703, -0.00017028514865083388, 0.038337511476779745, -0.058665518840293474, 0.014119508800036124, 0.025066702699888005, 0.08621863033746566, 0.015222840951938599, -0.06816236020090338, 0.0955093764814322, 0.01030197990391249, 0.004627409049032402]
[-0.06076357069781198, 0.07069817133582121, -0.04877633019048766, 0.06999797935495178, -0.028329916872517777, 0.042559680481937895, -0.07576076326411106, -0.06592784458547159, -0.006662953646000044, -0.04011027772258673, 0.023126365022519052, 0.09154234663766872, 0.007731973103210568, -0.0789618790096383, 0.018865703167647657, -0.04881301168384884]
[0.048492854851144684, -0.021651622337034174, -0.06841609381108205, -0.04447040227899823, -0.08155865896688375, -0.0017770292915272323, 0.07092302679321466, -0.002681630073627622, -0.002984216868951936, -0.08258315508202707, 0.046073017234055824, -0.05012981033051971, -0.02650918023076898, 0.04789727819882242, 0.029147432703146847, -0.09395794066039086]
[0.021027642238073227, 0.020988862805411165, 0.008060695243987934, -0.06420067165437056, -0.05529547521433434, -0.0012924708758881992, -0.033553979113544366, 0.040678760742449416, -0.05581299682853594, -0.01207143597751452, -0.04746424505957767, 0.07045890883334263, 0.0961382619987246, -0.07105330368794677, 0.007636823419789246, 0.08720917936217529]
[0.006961094081636629, -0.055666970702929766, -0.016871184969985145, 0.002521422754884095, -0.08170262693542121, 0.017129018720505165, -0.006532019184910712, 0.027512679881109003, 0.09314143468579986, -0.06506792365456696, 0.07631050285781543, -0.019837202124190573, 0.07258409810497035, 0.08446522471958959, -0.07301630654075984, 0.0407621363624836]
[-0.009957553496977994, 0.08899343692508749, 0.054680504558267284, 0.08237178775663881, 0.08169997522368788, 0.010184382594556812, -0.06093365427261974, 0.0721008190879586, 0.04953544323246101, -0.03368362155592512, 0.028080392938944654, 0.05166366149460505, 0.07644180103698311, 0.0032888111513097035, -0.06905532368969965, 0.09579798793319025]
[0.04132546368313153, -0.0008152348639054868, 0.0038371684035083675, 0.07988423913340384, 0.07560881399454367, 0.01722973100184333, -0.0779524143258676, -0.0025882656037847507, -0.09381080483674582, 0.030350741287353933, 0.07252903030516777, 0.04979413232150559, 0.04226475007899444, -0.06570077443060221, -0.048234699191968766, 0.0770554912590416]
[0.037236488288317965, -0.03865611620987733, -0.012201849489022698, -0.047691626373306734, -0.05565249869735307, 0.09663062218476479, -0.06124622451574238, 0.02571803690059271, -0.05487424162816155, -0.09473778107611258, -0.058670139878892025, -0.07889760262350776, -0.026484726300121927, -0.07644177852983086, -0.057420889223172566, -0.06682285408410424]
[-0.07032803897021006, 0.08775929069706462, 0.08886181879293115, -0.04576205827708553, 0.080690775556993, 0.009748283922846254, 0.0484041221415723, -0.06354294964635196, -0.058656034511367985, -0.04938446839235116, -0.08397233312314978, -0.08408268976521625, -0.06883349903337338, -0.09419430658436273, -0.09619790917683835, 0.041053742907510654]
[0.0848763672463112, 0.022472252030281997, -0.013432737539087178, 0.019333626490353722, 0.014351110445562587, 0.005306182158331854, -0.024271037936428083, 0.03229451374243325, -0.005301339838449298, -0.018856632964596942, -0.006948603689183777, -0.06714635698590177, 0.01645947119746674, 0.03774031085479829, 0.03630420663186004, 0.055733312955958486]
[0.020714729232689383, -0.03186564427994701, 0.01005601528675766, -0.04968254468334368, 0.06214651085049008, -0.04352543440686965, 0.06234066137517896, -0.09216168615942125, -0.019242901636935913, -0.012120406461266997, 0.07232039988904887, 0.010281804903300884, 0.02507528912516116, -0.012067164840902908, -0.09811698666000519, -0.06621036957759292]
[-0.016215076818545976, -0.03130362433958271, -0.05034688092775541, 0.06326270245549034, 0.06517320090219716, 0.03436085647538156, -0.0724019148655976, -0.05061055741783065, -0.05623309127411871, 0.08223638736567637, -0.028659885418329353, -0.07800873900939492, -0.09362502826060559, -0.05628306795057103, 0.03565843618136852, 0.014693977631487526]
[-0.023516127615306442, 0.003580024123113007, 0.024464102013184094, 0.07582796912308828, -0.021942633998141142, -0.0844761419331981, 0.08109018907123378, 0.09035724572242032, -0.030456918321376536, -0.05475347367492389, 0.0032622936426587312, 0.03472758542362672, 0.023369689857844975, -0.0385574890848982, -0.07868335625308348, 0.027158359741014187]
[0.026642874741098582, -0.06614584401703413, -0.002512017424667584, -0.04333790198746593, 0.002186870666213772, 0.07973903991554879, -0.07520705224290197, 0.08301076417530359, 0.02559370468099259, -0.09272467079172136, 0.001335695669656925, -0.019342408588235188, -0.00016960416390272848, -0.07811509867806443, -0.005844994830844108, -0.03181992474842808]
[-0.04407129130549259, -0.01235440004621488, -0.007336904560765231, 0.03319350206204244, -0.03326570024526612, 0.07783540658834237, -0.015864252536028273, 0.09324831019273816, -0.02688502458461965, 0.0008569567947546569, -0.07282449026502186, 0.08014666379866067, 0.017547683298432565, -0.0049930470673775346, -0.010570544905245033, 0.02425397387151207]
[-0.06459140629717841, -0.026797691503458343, 0.06571532105351036, 0.08614304719342658, 0.041598127076801245, 0.0850800100194746, 0.07699863475563737, -0.019152268689163227, -0.006072497830449025, -0.0005809165982126052, -0.06564618477933522, -0.028079260762569377, 0.0427781703000818, -0.06904390456957346, -0.01978973243324189, 0.09148214336036292]
[0.0052866352252806115, -0.05782113591337912, 0.05951400853567343, -0.0442882315999827, 0.027693088526815568, -0.078426716827699, 0.017679008023244264, -0.015645967651143206, -0.0835620185539068, -0.04148081017192917, 0.04533434194789662, 0.039726993657967447, 0.08279579005541668, 0.05395498759570172, 0.011136229122832852, -0.03565046482610108]
[-0.01328691327860157, 0.02554724020350868, -0.01277215162115819, 0.05400703714378538, -0.05499282475157921, -0.021931344741532174, -0.07217319083868544, -0.06941658485850771, 0.0711409340879412, -0.03976043269762215, 0.056932713011657615, 0.00131651001844868, -0.029471721042374985, 0.07829869709439805, 0.011512985206240667, 0.07940153236361583]
[0.010044711145437923, 0.03201463892144693, -0.07883741913915501, 0.07639756381510951, 0.02255612031645013, 0.03581809951074322, -0.06308136110044635, -0.0126723502452704, 0.0036870752292066378, -0.09910390032845698, 0.08472544385114902, -0.0714186159290491, 0.08380540089580535, -0.037570855514758805, -0.007121693972422724, 0.011768691099054651]
[-0.07834561985224715, 0.06302163354914761, 0.0887289640955852, 0.08516703648482413, -0.00728314787777222, 0.013851165901033233, 0.010482497914801645, -0.017134360919406497, -0.0005161477029931999, 0.045393813248669784, 0.0034062092215901563, 0.007764526928521337, 0.009081549780955545, -0.03036606917253981, -0.06460009098106419, 0.08048466741669608]
[-0.07548657471056229, 0.0448285399188571, 0.01897637530802007, 0.06306796990524374, -0.0523657163480763, 0.01203912810892463, -0.03538189473945563, 0.06821634106419075, -0.028107122526403114, 0.06156356974411034, 0.02586385491710072, -0.050732959686633744, -0.047243178770061456, 0.04975643766191479, -0.09728832459582133, 0.041048642585808454]
[-0.005662352071381549, 0.07872447309817021, -0.02643690292344636, -0.07928504903900467, 0.03797992770056402, -0.006499175664975418, -0.0882905001406245, -0.01155219310813363, 0.009300135890764366, 0.082130098375747, 0.04147507776536871, -0.07531010545132329, -0.04495297926858555, -0.019098616203039653, 0.04183638038461607, 0.05395432139266482]
[0.02007461356392337, 0.0840287738591313, -0.056346599201652574, -0.04807040065305519, 0.07188639452157847, 0.0771950473175935, 0.00916773626303194, -0.019997031992081735, -0.07248802819664531, -0.013956645675363297, -0.05408539482539332, 0.060557492431280474, 0.08595064643557021, -0.08634314865997601, 0.08527850593146996, 0.02236410085870466]
[0.07454551680059965, -0.019022706824764396, 0.0028530045254358677, -0.08906881528331936, -0.0315844510339431, 0.09233679778567708, -0.08229711888348049, -0.03308547857926798, 0.02302549674598864, -0.06935086903846595, 0.006150451451246153, -0.019254777900243145, 0.09929140561759042, -0.09058862324984698, 0.09613564652539491, 0.0037427608297925657]
[-0.035782175158848406, -0.021638671084240294, 0.08385362667386509, -0.09457178636483164, -0.0035492793208664886, -0.07475940929641789, -0.02740880394473859, -0.009348804761878604, 0.09538649013972775, 0.05403601025901947, -0.09663346911521152, -0.05281222167847702, -0.054383049627057846, 0.07841476974878947, -0.09597896416721885, -0.038324183378037294]
[0.01759617274935714, -0.05401467344304389, 0.09435665141802216, -0.0945693716630732, -0.048533026370936885, 0.03473968371385655, -0.09070135834882076, 0.09592642513083957, -0.06628967556785229, 0.08570341757934877, -0.05334323562209711, 0.06851316171869123, -0.08478503176788406, 0.060874765050832225, 0.03673223759663771, 0.08298714800583892]
[0.035505607666771605, 0.03805998285893253, -0.05906955849006379, 0.05722702335163615, 0.06119739122908335, 0.08539896203659275, -0.06863267659544832, -0.065934429663112, 0.08847756579663799, -0.08996366083947796, -0.04342127807277574, -0.051402755609454426, -0.0580435153272761, -0.051293562763307037, 0.06495031704890306, 0.02611279360943547]
[0.020658612087134515, 0.0987245620432276, 0.09693133968946044, -0.05993769040137767, 0.09637407580800081, -0.03357573161944716, 0.023584147049989304, 0.020342252497672603, 0.08139168165756286, 0.040595369272009324, 0.09153447845906112, 0.03667675777571966, -0.06883869353632538, 0.06875806203862406, -0.029239408952553045, -0.09885361352850044]
[-0.0062731402360850785, -0.019448225283419912, -0.006366896740219757, 0.08457999767700516, -0.05119973761666774, -0.038853690221528736, -0.050281148499550544, -0.09538341193499487, 0.0031043970222915662, -0.013814762587452775, 0.012836535482392566, 0.09928520244943381, -0.07046214475504882, -0.003258917052700136, 0.04835029087666495, 0.07369760011167667]
[0.0460938829605515, 0.039664868221238464, -0.02298625465515511, -0.04964802216059641, -0.015461356020771033, 0.010888835190747612, 0.07452245310102742, -0.06633801998544486, 0.062732472822426, 0.05504734574134723, 0.08159931951821714, -0.03250361722340071, -0.03710011835237388, 0.014485210131472664, 0.038300498998630694, -0.04799184671927237]
[-0.03303191884680126, -0.036837078109975926, -0.016793108378155105, 0.07379014026898384, -0.039560024059305324, -0.012993319714018584, -0.030393211269818685, 0.09400670802168337, 0.051066758117242844, -0.03820425252928979, 0.034885127152411655, -0.020507778239454003, 0.0008685386544279028, -0.07001689871085853, 0.04679601959306384, 0.007401862998979936]
[0.008906437197406095, 0.010323969754687037, -0.07882734969680205, -0.05221185364073815, 0.046600201693613286, -0.07747833993459963, 0.04741169248581406, -0.04060827794718019, -0.07124437219557576, -0.051865671172096485, -0.020065506945260478, -0.01103002931547667, 0.025490543104968982, -0.09556938127349456, -0.081709329051191, -0.06790586996524989]
[-0.08442130141939524, 0.03380342723679686, -0.08812771522169403, -0.0021817574455367944, 0.07782107533443686, -0.0737684332691429, -0.001577478742438826, 0.06581616159112133, -0.04751410517593622, -0.006216428280324315, 0.08525452781424211, 0.017851772849465306, 0.01601150211026972, 0.08000519098603892, 0.02242876640940379, 0.08627846736184008]
[-0.0146860431267187, -0.03214460846732792, 0.0913808807608881, 0.03660911457119198, -0.033308675476540636, 0.03890185125274995, -0.005288034716501411, 0.07163377220823816, -0.008286715839808001, -0.04538666878842588, -0.08216554282819595, 0.07802148184081667, 0.02267329805350346, 0.05312311480621895, 0.0038379125307504147, 0.028469386809335417]
[0.04280015360936862, 0.06434057616391162, -0.045494796740584126, 0.024392392738535523, 0.015744124009721874, 0.04370069393389395, 0.03863469541800629, 0.02552548981755437, 0.0003096075152499156, -0.008440387653814094, -0.07128773268562616, 0.014341078165498927, -0.0729670730162342, 0.04382050876804219, 0.08423111866010077, 0.050361719242308894]
[0.0795579295609887, -0.07187802800131277, -0.026236062734966467, -0.03403436038269579, -0.05710934642638765, -0.01048736243423827, -0.0006966654953516338, -0.037258613263066495, -0.06669441520829625, -0.04279210241967884, -0.01699678908041731, -0.026333970517695635, -0.036743175419124224, 0.04205892828928784, 0.09983218099096278, -0.065819229203787]
[-0.09596624872519022, 0.0329242420058202, -0.034624477951206156, 0.021850810485541522, -0.019668228062370896, -0.09433864864789727, 0.06627285975834687, -0.008553237250699938, 0.0316489654094409, 0.02037862651261879, -0.09022169385534906, -0.07883377869295449, 0.07014093545761288, 0.06954528209943717, 0.07453376185983912, 0.07498190206667996]
[-0.007032955029755844, 0.09752045929426417, -0.044074239691225925, -0.02409218521896192, 0.07375741974800928, -0.02775401150280954, 0.03611119836765386, -0.03852194559605058, 0.0735948683909633, -0.007099070538935243, 0.008208111973453086, -0.09032414820551085, -0.002563225591953322, 0.07296577485376579, 0.04593313526571979, 0.04105335112920855]
[-0.017330158135033608, 0.041153462595689805, -0.0882637273005757, 0.08512050742550739, -0.09459433646525042, -0.09840340937696763, -0.014438430113912964, 0.04653364194945461, -0.008358012197625414, -0.03730452997053668, -0.09050052729525732, 0.044574337256958835, -0.008544245641516818, -0.023325598197192265, 0.013475774308474936, -0.01186856567199819]
[0.08040783589397751, 0.06377102408256985, -0.01043400966821069, 0.02431491392524658, 0.06685200666255617, -0.008449775860192202, -0.05087943421310921, -0.05401358458172052, -0.030437637816019034, 0.0373561142806908, -0.005631097044467626, 0.07597924802360842, -0.010162806864654095, -0.03397970437399543, 0.06354343825943595, -0.02542687848343332]
[-0.04477136994791125, -0.011548914494719259, -0.004245970006797092, 0.06361025308865265, -0.08495262019222144, -0.08570346105374771, -0.016623834321126046, 0.027134809280277228, 0.03836869024004985, 0.017245808013745687, 0.053768970824296186, -0.056299367545017166, 0.006638916943364853, -0.023348717559276227, -0.05777669740953864, -0.08070063051214559]
[-0.00046573571928756885, -0.008903197580282948, 0.0011032686548030357, 0.07260995140254198, -0.033109997989593284, -0.06447035004726887, 0.022885702468771266, -0.08575550219770887, 0.09309703848049505, -0.033106346865744346, 0.05002052327369591, -0.09234667691877273, 0.07221904020062556, -0.02308684156224164, -0.052937442340735545, 0.009062357681322991]
[-0.01851747705213244, -0.09576787305782462, 0.07834301204761179, -0.0037536224306827515, -0.006994120477555585, -0.007463286177664494, -0.02921458422658567, 0.053181347872712864, 0.012172246579814, -0.06984050314935451, -0.034651516496128146, 0.005408794650088991, -0.050580840527096174, -0.09911222472182349, 0.04406104733421279, -0.06467303701685595]
[0.028079812697141993, 0.010717819375974894, -0.0583632807560569, 0.06744532222985081, 0.08887360307101153, -0.0919342256009039, 0.061813858248392944, -0.054845646432940764, -0.0029889996827646426, 0.0012002260443331886, -0.0212380364212323, -0.003954702287808851, 0.04281165668535811, 0.05514273446731685, -0.005640372519311515, -0.08711165764727767]
[-0.05064341463432179, 0.06290934918677168, 0.04685911084683492, 0.0907535618954943, 0.023449964453725936, 0.07236186611195602, -0.06200143127157114, -0.03026179413236056, -0.04308860027481385, -0.052135867102594435, 0.024510346471207617, 0.00660554330038543, 0.07272080667728606, 0.08078695314013049, 0.05279900077333774, -0.02066789992069748]
[0.020539860461709553, 0.0809442219335561, -0.031214734325989868, -0.02914265092175919, 0.08511679092933044, 0.045275475591743775, -0.07439473239313339, -0.08420153907219921, -0.05399875577714646, -0.00018699552912086748, -0.011215909552288489, 0.03246704993737898, -0.0012277275653862774, -0.08175762701065488, 0.00852111013171733, 0.07714248959384057]
[-0.05158456837763192, 0.0001533206955010441, 0.0386160792623233, 0.06601649306760546, -0.05303679281580079, 0.00112614056160662, -0.0029058605397212778, -0.04024905912094712, 0.031217585489451083, 0.038162549480569796, -0.07955555539561215, 0.013976048648562944, 0.07899418299635047, -0.09900891751315255, -0.09056818815593207, -0.06969175102079612]
[-0.009400636543086094, -0.03884475893796527, -0.018615007275605902, 0.0303358738779487, -0.0748059597459663, -0.05905748690293431, 0.09788230840456513, 0.033003200563093055, 0.024870833676993248, -0.06547539058306853, 0.06902884412356367, 0.01215240473700166, -0.005771179626786416, 0.01500546045907962, 0.09251713915745627, -0.004411571391749275]
[0.04341230289588388, 0.09562558096048548, 0.08409991024134422, -0.07922111812589926, -0.033400473847568724, -0.032553468751225695, 0.02536053914426878, -0.08527968534073177, 0.05349835408207523, -0.0034401630924836973, 0.06007808774252585, -0.0789283372798244, 0.06865951709249016, 0.04651219457634445, -0.010960271138704972, 0.02711384281465204]
[-0.01730052098749206, 0.0203675046310869, 0.07276620701611425, 0.032854542322318714, 0.008126416036905934, 0.07877574477602176, -0.013127622019724214, 0.027907090852133942, 0.032017333149761684, -0.010010443411863038, -0.04831764226247446, -0.03163686769067457, -0.0019263559679893322, -0.04420187677535386, 0.09358080570859698, -0.06972501659529536]
[0.04473600961804161, 0.028535020309507386, 0.08712474800833511, -0.07106248513600964, -0.08369023452078857, 0.018642164723978644, -0.06532875103637632, -0.07736698511982992, 0.04172717842110016, -0.052426867080778754, 0.013990591530984114, 0.03301124042639908, -0.05804966635273139, -0.08153818142958554, 0.021472695750577447, 0.04391358340465279]
[-0.07887882378071565, -0.09022883383858477, 0.056258480613450706, -0.08286956608836177, 0.07224106094083718, -0.08640625579627773, 0.0915947316249737, 0.041391505882750035, -0.007264701094207779, 0.04860491559041963, -0.049949304085000895, 0.005492245068566826, -0.05205736456776214, 0.08778304055832606, -0.01238916803281076, 0.028695416033697435]
[0.008749035953222253, -0.06239444987699703, -0.026707653794687022, -0.09337934834595074, -0.042826186112841017, 0.04296450090442974, -0.07615805282629384, -0.028775984222095777, -0.08708942170997012, -0.012649684848708737, 0.09730172027802261, -0.027716853468421926, 0.008351697343659523, -0.039590767524294246, -0.06523236860028073, 0.004265979252760663]
[0.03569152204255974, -0.037083593968977965, 0.046299560034658016, 0.09735062067206385, 0.04563255990350662, -0.05241283079205783, 0.09080258299744953, -0.017772898466761916, -0.0381146393727102, -0.05044664787888922, 0.05536258976837963, 0.03778171260207336, -0.07061366293708671, 0.09442578158410347, -0.023428583868294356, -0.08141424105248424]
[0.022738777071688504, -0.008927170540926094, -0.0699468881214182, -0.061808939785552464, 0.012915088754020324, 0.034384864860208364, -0.06715119579207943, -0.006378298843914859, 0.07227771773046968, -0.07917728946627514, 0.05525861652591435, 0.07020291146273469, -0.06229210445546505, 0.09841954988089097, 0.060879699561144335, 0.023322027651124747]
[-0.07707517185214506, 0.039987855697819125, -0.04184051288581612, -0.04770757790310472, -0.01084054340903326, -0.0453769091898201, 0.003669979091271064, 0.018951206926426864, 0.06614773395800341, -0.09978705021591604, 0.004442516846649494, -0.07702692048363145, 0.02423898920075887, -0.024014904166252918, -0.003989889920808731, -0.08174117034072002]
[0.09918311367455498, -0.05377569494187149, -0.05234641815171677, 0.07991142389799011, -0.04361298777250429, 0.03882058400464125, -0.0678553761085833, 0.06800649343992152, 0.020039546081937393, 0.002957564257899975, -0.023251297980327837, -0.09888600401322226, -0.0888702352739697, 0.07572985115495659, 0.03360992001533042, 0.07200864474770138]
[0.05665816881690136, -0.04760084174458419, -0.0774305816346686, -0.022674213454460815, -0.028515277443447437, -0.092864986546759, 0.08049884047895678, -0.03936957633298806, 0.09615994920633178, 0.04185743556061322, -0.045110943401351335, 0.03746232487390089, 0.022336370103976114, -0.0935663058090398, -0.010615539259918788, 0.08789815748920288]
[-0.09147043844211074, -0.03612398222427482, 0.09431382620113779, -0.07351873252392707, -0.09033851493169538, 0.039090595239906434, 0.055444773947329884, 0.030502169482943264, 0.0029844635743646875, -0.06778701658118422, -0.005940695310065844, -0.030996387954219815, 0.06298177944884598, -0.07130560855864064, 0.022983158747451493, -0.05836209970711517]
[0.09575125981645433, -0.05900934799901472, -0.04152735673129422, -0.05450407481076163, 0.08874890770508473, -0.013180927083200178, 0.031533655626390655, -0.04488665617172945, 0.030106706133900735, 0.07491454998107175, 0.07617360896073896, 0.020329515602841866, 0.08218789553256609, 0.05316044850957766, 0.01751909308884876, 0.05254886164440406]
[0.017525825380344, 0.08032744904404357, 0.08585114841573324, 0.059877550506323124, -0.04223318274430876, -0.00020774970510420432, 0.0437598771936647, 0.08149504338058544, 0.045890352534602025, -0.06262985316799502, -0.07513675685196836, -0.07326237860702706, -0.03239513882482202, 0.051491369176685675, -0.04356802930828532, 0.044854140116176694]
[0.0903123247229424, 0.06036903403032176, 0.07029223132615095, -0.05223022438199117, -0.046087521365338446, -0.04913671895706933, 0.023825550898472228, -0.08268094035921279, -0.09893829532556844, 0.048024356786896705, -0.008388225638071595, 0.06373663750697986, 0.05011420866100111, -0.08796388923307977, -0.029577723952973187, 0.04082131162856062]
[-0.06595382868982849, -0.06110756763818159, -0.08070719076187322, 0.039899062776668576, 0.006893132514397826, 0.05542127231565183, -0.0069115736588519355, 0.08813871263800432, -0.06341871951749692, 0.006786827864576364, -0.06051507529805431, 0.07978730993976044, 0.0033635046599685553, 0.05571215904343321, -0.05856153354651068, 0.07549956957158646]
[-0.08968233160636437, -0.043672167540868556, -0.0927721183004618, -0.05657867930353391, -0.010945821104704254, 0.026248075626456757, -0.019212931635097075, 0.09056626884314611, -0.09932963336517575, -0.07756711945364131, -0.06780198259128364, 0.09444430605051896, 0.07334019044414544, 0.042018323920331835, 0.040569286287091166, 0.0059368068862092616]
[0.06413371781728769, -0.07768769559752645, 0.038003633547391724, 0.031451216792082154, 0.039841795745261865, -0.029486590952961786, 0.032527311591061675, 0.05330443521210562, -0.0825825762905083, 0.010734242789763357, 0.03762449942943957, 0.044013468476389705, 0.0845822531187492, 0.06483972259333212, -0.08152557623986374, -0.000612624524401223]
[-0.05122728139927471, -0.06376307009870835, 0.062011259225847354, -0.08321553613551334, 0.0459490260824105, 0.07361102193512764, -0.07946351952710884, -0.056662678834481686, -0.0549995251508733, 0.06667382838148905, 0.051275580187806286, -0.032684825453719896, -0.07721495291850633, -0.06907351936535465, 0.012435376689713395, 0.07548952860536579]
[0.00797039477834631, -0.026842301518324937, 0.06972362862444156, -0.007428270968476938, -0.013795716260538632, -0.0530273763665359, 0.05807336154493736, -0.055582692794323624, -0.06847107967567408, 0.09978391358523178, 0.06894233943657699, -0.08408533912661183, -0.03273374838310779, -0.014529358229657507, -0.026546227241286288, 0.022760667482362246]
[0.09379299648012315, 0.07865829294087706, -0.005110777346960721, 0.06518022563552728, 0.04369456341056788, -0.08317435773545473, 0.061600235531568515, 0.012310748893756746, -0.06719954911429021, -0.08740452705787816, -0.027463933850771394, -0.09372258385636441, -0.040547372898051465, 0.07962549352512582, 0.08013934359512176, -0.08210346563974856]
[-0.028387386855811922, -0.023679061748101124, -0.060429754760241906, -0.01629486075797286, 0.024845151960699807, 0.041881899702348874, 0.01453509180821247, 0.07264043572149301, -0.020350806016219594, -0.09125751936276438, -0.053205244215052794, 0.016872800216749903, 0.04379772528873699, 0.09761627835165074, -0.00953326935131435, 0.024405567877178]
[-0.01596163569558391, 0.01748974550554641, -0.008969433285890865, -0.0686639828114601, 0.09177835041386637, -0.019913993854301676, 0.006369036843218101, -0.097370992674595, 0.04810356944030508, -0.030671924867268954, 0.02628781857528309, 0.052661541303355874, 0.07507419808133561, -0.08545203618724628, -0.004640731219420519, -0.09747734814223208]
[-0.03760716157100663, -0.09165453682386825, 0.08917833212132675, -0.04376414758865946, 0.04573297234111587, 0.04371488657006045, -0.08581761236050443, -0.06210390519813161, 0.009552349684085443, -0.0719311309126063, -0.07770586967994911, -0.08131527336271863, -0.03048346458694788, 0.07605573951408451, -0.08741317610447835, -0.03414235253265396]
[-0.008599399354735887, 0.05290716570607873, -0.07773444649550997, 0.06941875439408352, -0.029830643362490666, 0.07755123905019354, 0.03942522962621359, 0.007860021180658608, -0.08927371107797058, -0.014239791874628913, 0.06290189164078744, -0.033166876738842624, -0.07040273246029811, 0.01527990321641473, 0.0126534473366883, 0.0385683147002803]
[-0.031174943667864358, 0.06786273759012149, -0.03558264772002735, -0.04482902031700409, -0.022573168396402887, -0.03420370324916722, -0.07203363288177662, 0.07898783600953732, 0.049174071196759345, 0.06876716328200708, -0.015036567437269069, 0.09853836725759732, 0.03444116755320725, -0.05801498022182366, 0.06637128688266203, 0.07261702511698448]
[-0.07392642843853817, -0.004964729540766294, -0.09830321214301514, -0.027133344322801928, -0.008748955103931325, 0.06414371591173781, 0.06470869012622596, -0.07395062187918973, 0.0650556757948729, 0.0617217916967476, 0.043178971304385916, 0.08786777906466833, 0.02530331062731528, -0.07733745896074223, 0.054575199130250385, -0.09476361675929433]
[0.056224406180991726, 0.02340949515976329, 0.03532410639350578, 0.08529832548605934, -0.013501030404355865, -0.09279484110089764, -0.05477893979615727, -0.026925176742769757, 0.09940844025972151, -0.08851055232766081, 0.02075407101076869, -0.06380592032440321, -0.011150046200913574, -0.001323954589984938, 0.06253828502806921, 0.0876092628212993]
[-0.01666130103085732, -0.02458419855939123, -0.028968146905885714, 0.0481036577070004, 0.020806727322689136, 0.018908707207091396, -0.04162543431897774, 0.031362473596498325, 0.031655052599965844, -0.050603427366845644, -0.075014662430347, -0.048471772554138925, 0.01611766938607706, 0.004791724455047608, 0.03035469474192129, -0.018336346911077064]
[0.09850526062326401, -0.018991684607672726, -0.0725017336636412, 0.08434868425952396, 0.07144718619353127, -0.08701496768173281, -0.0701378895561906, -0.07570576464369037, -0.027641411925474715, 0.04753415729799132, 0.04140606193969118, -0.045053214878925024, 0.06364209090088316, -0.004381846342291065, 0.030815037971029247, -0.09353691641829752]
[-0.03102291610968709, -0.09704295019054754, 0.014139243181821068, 0.06158081433431847, -0.07214242689408845, 0.034141327468072136, 0.0633101819337347, -0.07185257502935, -0.042966883950120986, -0.07727745129813657, -0.047496172815255734, -0.06960629625661681, -0.04061977156991375, -0.02796468616237724, 0.024854089784308003, -0.02894700230907335]
[-0.07411804212128614, -0.05398589480460621, -0.05214063142216285, -0.08457522915879852, -0.023897246895654006, -0.06353530769759577, -0.001389395599706994, 0.05515628531760816, 0.07067960289301703, -0.05895976369444733, 0.012161254163043256, -0.08379852004043782, 0.01198748534178555, -0.04813079824623552, 0.012160770643560873, 0.04436486791334862]
[0.06290512182074523, 0.09788112717014028, -0.049870305982154944, -0.06434254533569286, 0.03510064821174158, -0.005639545552932182, 0.028231787324677127, -0.06313777570742543, -0.08374210458657338, 0.09962191912745685, -0.07263884316633498, -0.0729178742913047, -0.04655753120894817, -0.03734765925491944, -0.09488063195756623, 0.02255515308465128]
[0.058180833432773776, -0.07083275499585216, -0.010532434492201342, 0.06543964881911934, 0.0942038077470474, -0.004230093597401341, 0.0691871260185013, -0.057432047072700866, -0.09588596517144131, -0.034938367163602393, 0.0981327350209473, -0.08746773482506738, 0.026439953113857606, -0.013064173184290068, -0.07879612577128059, 0.04074016209533579]
[-0.035564552554876144, -0.02361948559995783, -0.054805451746154324, 0.06102323536787571, -0.06155972722622212, -0.037734445764789994, 0.03110230193203606, -0.015739940837978805, -0.04964289625164198, -0.04441509343134336, -0.027101894865575085, 0.07603836535414618, -0.06954753520658463, -0.02319038042867097, -0.003655080016210094, -0.05309609028657332]
[-0.07687498901172674, 0.0673305790390217, 0.006628801235138232, -0.04853353791339628, -0.06295279674922656, 0.02104892362492783, -0.02468938646498242, 0.0422859030222526, -0.05448243072459431, -0.061901555166027, 0.006644783147470926, 0.05283859607559352, 0.0893907767619932, -0.003056894484480946, 0.05764668770605405, -0.03405952797428702]
[0.04202865602116279, -0.061334143176142324, 0.024950920914446464, 0.04218787350135894, 0.04842140930556099, 0.07954206021143045, -0.05799608319660785, 0.03585065530241158, -0.08615936359892461, 0.0787877529335603, -0.06166895738089487, -0.039560875949004704, 0.022756523769575626, 0.028136233868497534, -0.03046657649499611, -0.09057741359163352]
[-0.004007293268423057, -0.052120983421499116, 0.012861764794719524, -0.00234160653788322, -0.08810011761726072, -0.04991756790222557, -0.014404661330442423, -0.06264082973391316, -0.05356374432429015, 0.07615838153543228, 0.04837760690277523, 0.02642880103354514, 0.08680444977209095, 0.005619716253840973, 0.05457989459066648, 0.0747456901397818]
[-0.08923643782640694, 0.03001391336039358, 0.05718262301910257, -0.056911927315494305, 0.06154816857113796, -0.07188186005889965, -0.032900795180446904, -0.0284910161778984, 0.027435167127625698, 0.05613821032371677, -0.0010526930774598792, -0.08187431903876274, -0.012124506242636099, -0.0823054232669933, 0.09826135707448078, -0.08758890651047813]
[0.07097138674380585, -0.013302622542064643, 0.02028460212017598, 0.06490058420697234, 0.058839003401876505, 0.02137284241245138, 0.04327858092335568, -0.09845021634771373, -0.006891649922446549, 0.01271025090429398, 0.0573285228614496, 0.030442022861313783, 0.006962320619781123, -0.09645576658551956, -0.03812714612409496, 0.006648818168561513]
[-0.013802813951168086, 0.0792348948727225, -0.08078955971956257, 0.039841417830777714, -0.07909062573501424, 0.028796227053469875, 0.04126097744625162, 0.017016051705025598, 0.07274771529812082, -0.023183336531681226, 0.09197160864136511, -0.054026684999709376, 0.0043105197080405555, -0.048172226327050344, 0.03709324711715639, -0.09642513745981968]
[0.03778591142581403, 7.319055684959497e-05, -0.04733278297945165, 0.09963600044968463, -0.06705886641315856, 0.002906203784793421, -0.03888835711257608, 0.007544736789708309, 0.0976659734689862, 0.0960982336564575, -0.09146811338720669, 0.08932964681492225, -0.06912792954385319, -0.003807104550410334, -0.016076264795149273, 0.010430878776509639]
[0.09568878075729445, 0.09915723081632175, -0.05410111402207438, -0.026756412741406818, 0.04348737274807715, 0.002870303344715122, -0.02010610598373677, 0.04546548217269994, -0.009615129360497993, 0.08869360661173584, -0.05400949724559228, 0.06465051309139216, 0.09997582311171604, 0.04653321898056492, -0.022053661325306173, 0.0053925897797953565]
[-0.08096628544710249, 0.05900432887178139, -0.04295566842886742, -0.08966086380393928, 0.01737118690488404, -0.04086433316028877, -0.0772994198642084, 0.016188015708475806, 0.0921920488984849, 0.006564329267648425, -0.0001972790637611438, 0.09934460997576897, 0.0359710994349105, -0.030702954377987854, 0.071563500608674, 0.03274712241248859]
[-0.0028579386622880343, -0.09446319779559645, -0.06795849121639211, -0.015781899575746716, -0.07615793705896066, -0.023248494975808096, 0.01712177562508435, 0.09536534994548146, 0.044658032617720306, 0.01895837620491654, 0.05000492140000998, -0.05891224675259102, -0.09481565513988609, -0.09419522630205326, 0.09239314102421733, 0.0763138158087627]
[0.0610111388915302, -0.02025196210407562, -0.010943574753076543, 0.08256046910096485, 0.010543426677089185, -0.04615470695652238, -0.04074425444280921, 0.019094441092017786, 0.053537876652724886, 0.05148638310956863, -0.08117777027600115, -0.07722639250402526, 0.055566128362621175, -0.03450492756344818, -0.0121399968168137, 0.06042178387075142]
[-0.0002694735381191249, 0.0481717331993384, -0.09261691421249779, -0.0743096817168669, -0.04617825523229222, 0.030739300548379922, 0.045407034750210074, 0.03775682401955577, -0.004472784373483793, -0.09298520032007791, 0.06510751027653666, 0.05958644227431298, -0.0919207537245421, 0.057280775746223034, -0.07588105424612145, 0.0003378573677502994]
[0.03398244489041355, -0.006504280900326648, -0.04461923910493402, -0.02751169136254672, 0.09934465468423742, -0.0485282536080665, 0.0316381032993209, 0.04262533013739703, -0.0012784500873653376, -0.05507237025097536, -0.0003781299515849684, 0.032119125304381796, 0.08757923778937077, -0.021230492265703768, 0.00013317851311789308, 0.06700092884188394]
[-0.0755993540104377, -0.05332931523252125, -0.072013827838164, -0.051418706728714604, 0.005840311448674279, -0.007160635933994741, 0.09500125087045294, -0.048768704406063026, -0.07902104309381341, -0.09370893051861472, -0.007988380789014843, -0.023084699021312965, -0.019345047387824568, 0.028252229315297528, 0.07909910230783981, -0.09039381509943462]
[-0.0011276417361324176, 0.045979542629902975, 0.01977546800494248, -0.04422427411712848, 0.06254418540049164, 0.047782388274726306, -0.06881545696054886, 0.04956176596002068, -0.02867326887015169, -0.07745196426841719, -0.0567431780788547, -0.018162034388731624, -0.02144821612364234, -0.025045474363526624, -0.0595915760639987, -0.09888663905099236]
[0.08550428690784667, 0.0490726333111515, 0.07219159895433502, -0.0969591873390307, 0.09409229195926469, 0.07396519823340789, 0.0694572180632502, -0.06467744207463218, 0.038673340620825974, -0.09514988370948059, 0.022400264517165674, -0.06154580817743654, -0.04577054785647499, 0.050169264950711695, -0.015106666334012336, 0.09367110849391821]
[-0.05746002385660618, 0.09091595868356203, 0.050690366514673735, 0.06474232907818428, 0.08130242907724922, 0.03967658458182294, 0.09155564585215989, -0.00648466028596531, -0.024067829135376556, 0.073534973420216, 0.020774996919913982, 0.022771511189868227, 0.08174788439536398, 0.07250792816422388, -0.0634731717596572, -0.027252849515044725]
[-0.09975674247957599, 0.04507779968857653, -0.04071352131055566, 0.022785583488115768, -0.06657590411866394, 0.06314334564713, -0.07083409830692225, 0.021952419467277176, -0.004239462603776209, -0.015764565343661066, 0.002754788420861992, -0.044152420193681464, 0.06698597792786573, 0.08135004048482575, -0.07261633605766026, -0.06351565605428494]
[0.011230412638223664, 0.03461491931363503, 0.0010899981116021251, 0.09537872652555804, 0.01903533748719391, -0.08251209567419832, -0.04148208675228109, -0.011103599922383037, -0.058327078003876404, 0.02377736195415707, -0.09109394725231011, -0.08747818209140351, -0.03247240735262995, -0.015789103120047138, 0.042134700859701835, -0.07853901212809145]
[0.040585133961152015, -0.06652056331466669, -0.09008302907401143, -0.0005181130450949006, 0.005179234685801143, 0.009393558542187569, 0.024003304552477983, 0.09438864529885396, 0.08091834740510617, 0.05481621461499617, 0.03469539657606044, -0.03691068344450464, -0.054641328443792485, -0.0886815655609269, -0.01124898172564441, -0.06467618364741157]
[-0.04352990614159811, 0.05769097193042039, 0.048208948724736106, 0.06245772044078726, 0.016515692958770672, 0.011745019145451119, -0.009730854175786091, 0.028312487765151467, -0.03952302317104035, 0.0053650974578882404, 0.03182892093537745, 0.08911437067177494, -0.06623849157527768, -0.09481320218462741, -0.03146912287450432, 0.05207098029505863]
[-0.07404027772076345, 0.06681233850771362, -0.036827316596300966, -0.07965350102443854, 0.08276025356180713, -0.07204506554594137, 0.041307804508716434, -0.01811362500456304, -0.029527514575213076, -0.09483536843712247, -0.01285694087989564, 0.05605811613282646, -0.05199853116703717, -0.008182997200441772, -0.04739298782309485, -0.01616348360866457]
[0.07129539903396648, -0.09752478053051038, -0.024498624883809494, 0.014700867215914723, 0.015219582127862966, 0.0051520560459780845, -0.024922080847269143, -0.01161053855251197, 0.06709537620481268, -0.06925898352682247, -0.0143083254448408, 0.07417197377968474, 0.08619997005426877, -0.044417111933408075, -0.046838933572472645, -0.0809417201073059]
[0.005886058273475922, 0.0897642598073842, -0.09735455090757202, 0.07900123704693038, 0.04686541677547787, -0.013556561668808781, 0.014871985151162198, -0.005869676685973227, 0.04735285544173298, 0.01484506491030295, 0.070075648379151, 0.006044579304806841, 0.06693656972229176, -0.023999302859341334, -0.09267457238681327, -0.012668398462216207]
[0.007428154406742854, 0.009306843629049294, 0.08485145500061014, -0.06146328664972816, 0.08587381976256253, -0.024727627211575953, -0.028969837763588704, -0.06813300890481025, 0.058103073395153665, -0.044678340453462445, -0.06486127337204746, 0.030473349796236948, -0.05991133695196247, 0.004474134971226645, -0.09387081298332581, 0.05524792164831793]
[0.08182811947681984, -0.08986841917979821, -0.08732645560684633, 0.06888537083313206, 0.0016640031582430687, -0.004626610503124337, 0.04480336636274909, -0.046495493489183914, -0.09912657676314035, -0.09525166781548618, -0.05987339119308739, 0.08753235661521569, 0.09560548899280633, 0.011912320139923605, -0.07898503661685717, -0.010357606303135869]
[0.06941695338034956, -0.02802598463215636, 0.06609622222752257, -0.047583396680506665, -0.05542283595809827, -0.09507447975941836, 0.01276399146588772, 0.04900405582188472, -0.05384197746482795, -0.07635352649833922, 0.026611213202754863, 0.07396065441403649, -0.025179598157054547, -0.026679196713438352, -0.0797086229934986, 0.019441360169019498]
[-0.05900010123667976, 0.018435696186457906, 0.05741432885082787, -0.0009676119704859626, -0.01173310416753301, 0.06947470879734982, -0.04929765197545986, -0.052729259769595416, 0.08601304727072384, -0.008096384809147608, -0.06567522437373713, -0.0859864213421096, 0.08910820395550079, -0.04432878889817882, 0.018648399569464694, -0.03310543635796741]
[0.08472068309355718, 0.08516033952815036, -0.03803907623024847, 0.0927300310637196, -0.027984347068198037, -0.051161078353115834, -0.07697461480573405, -0.04594816626202461, -0.0028515817111147423, 0.052081475404228667, 0.018466328880452965, 0.060643730624097864, 0.09675168081266644, -0.03825316100456591, 0.0971247353905616, 0.09624962801278791]
[0.019122946739975305, -0.04099245196492112, -0.011773327207051307, -0.08421656893773688, -0.06779881795992079, -0.06787563053999027, -0.003670955354056815, -0.06193050651787222, 0.004196319239644225, 0.05855274345132852, 0.003959837464850846, 0.0373078631239131, 0.008671055189850674, -0.07808372245548086, 0.06666961948953329, 0.08380253323655529]
[0.08426870472286627, 0.01823932617389759, 0.0819331249411393, 0.07807116680500467, 0.03196000976243579, -0.03581011275688631, 0.09880656539000793, -0.02500957211930714, -0.07215076888685933, -0.08375626174995295, -0.043014901682985746, -0.030381951851618363, 0.06650440196162893, -0.0949097037970808, 0.02387365540208526, -0.0739389249412676]
[0.04362819453869263, -0.05332934854099552, 0.09777405577539783, -0.008038219068825875, 0.02884651442853306, 0.09017873791075245, -0.016194711292597558, 0.012170745993974913, -0.023948428112936584, 0.05910957847613829, 0.08742381369288782, -0.04166000038578624, 0.0321532686703474, -0.05080505829400515, 0.09288084169205565, 0.02352517119118061]
[0.09443088975939914, 0.0654580817768175, 0.07318473866427871, -0.04280961361951492, 0.02335466564427935, 0.023426478686220914, 0.034989498013107745, -0.043632560454837876, -0.08757969237085915, -0.08725228556892439, -0.05136739219512676, -0.058140019490022676, -0.016075970033192236, 0.06168769216058001, -0.01773581827512713, 0.039635670944313806]
[-0.04242823599095422, -0.07451731441549705, 0.06726504815765341, 0.017844727119332826, 0.029833602430070744, 0.06611167427714873, -0.08551914841502849, -0.04035332378384942, -0.04771113007182664, 0.08194530184630863, 0.061673569745493845, 0.09629091030764969, -0.09836772183514747, 0.04559087641190887, 0.04761505134420707, 0.011176663508231571]
[0.025402936462529835, -0.0022243268895203727, 0.044201499593608196, -0.04132150326605553, -0.047180800027479645, 0.0044330574283725915, -0.03036391216186722, -0.05013488021345167, -0.06783890736726261, -0.010148887254683298, 0.07097318224440491, 0.06523232765857984, -0.0823400394041479, -0.006638934019506396, -0.0063836976555701475, -0.0381408035280691]
[0.026126263541443012, -0.09498355166881606, -0.0796326151354076, -0.06771715962070174, 0.01878553532950096, -0.03729239146402004, 0.05542733693625565, -0.04078261550872693, 0.0017179731139324028, -0.0628810796032046, -0.01849927052241336, -0.0492120997695881, -0.030445133068029123, -0.031031169360097824, -0.030562702751428986, -0.06419325783497987]
[0.0050563757847698065, -0.012670754541488943, 0.07470468421397622, 0.013586828908733195, 0.08165407425240853, 0.011366408566402725, -0.011106727518396475, 0.06115169692035696, 0.08819644763044399, 0.01692838781572366, -0.036138365687052934, 0.08169864711577193, -0.05863849487809439, 0.05644801337004432, -0.06069362143008936, -0.04086128389401669]
[0.030157955794546637, -0.0954271931138328, 0.04952467457459914, 0.07432188817459015, 0.019961077663400786, -0.06053509696576392, -0.06933017101606265, -0.0018692234078074021, -0.008221364098417533, -0.09178275461168917, 0.0006038275713579899, -0.028481071400805094, -0.04972747736031968, -0.013778587856001764, -0.013888750914092404, -0.09369069131812019]
[-0.01879362110373821, -0.0925997583739572, 0.0777243908843129, -0.025705260460587548, 0.01935936617757965, -0.008914758475623535, -0.0766648741326022, -0.06479718264123563, -0.00781904095486663, 0.0112407479656155, -0.05364392861449303, 0.08168883633009635, 0.04098446256847543, 0.03245073127776571, 0.09373969078308195, -0.008205789692099244]
[0.01953474639430508, 0.09187928500563936, 0.027208026454292517, 0.009208237400689392, 0.049185381621971364, 0.0867713966541595, -0.07500492265900503, 0.09273334820041498, -0.053873003473354664, 0.06911815073907185, -0.0966199901648675, 0.06309787322904103, 0.054395308637569445, 0.04571605725724151, -0.074093669102255, -0.07620986491314159]
[-0.055263488369464556, 0.07363351290330808, -0.0856122527416545, 0.014121014359969708, 0.04320396612081559, 0.09530426126703498, 0.07737904207208088, 0.07279488071520657, 0.006271692574130988, 0.006498770037412768, 0.04336038864602074, 0.0014072062694791276, 0.0673055882766696, -0.07436828639690476, -0.054553222989059715, 0.09957628874208904]
[-0.08805492709909456, 0.09369313209639601, -0.04860272920485409, 0.06491236651048954, 0.04301989550563509, 0.08236663344476239, -0.004816152031941412, -0.06771980632115107, 0.050986513986700704, 0.04883733466516821, 0.0450732711544779, -0.02358249093629869, -0.04238378984652305, 0.03796862502320439, 0.05670287133174376, -0.006897478541885632]
[-0.04283926847325168, 0.039506692513696234, -0.06963865467189277, -0.009459206389190913, 0.033075616867102975, 0.023147202141953732, -0.07740205526127558, -0.07244418628609572, 0.03263453822305082, -0.04282622812278221, 0.029426579490970106, 0.07988039092115948, -0.07767337867969887, 0.0038759563154397714, 0.09380735970870532, -0.023719590113150252]
[-0.06507032082028982, -0.08172035984340145, -0.015533830319582262, -0.0054066944213102125, -0.05938486674121764, 0.06374292369409343, -0.08286035440344752, -0.012947833654775809, -0.0034418677135578946, 0.08285824333877909, 0.04462650212816391, -0.027687371732895635, 0.006731709230408417, 0.07325668584259579, -0.055821051288016135, 0.08012789891691138]
[0.02832804733647365, 0.09456146183357184, -0.01238763049090405, 0.09419195262942551, 0.010429406626323634, 0.010161200546164165, 0.07254985879526585, -0.017159532009886028, 0.02100169211016889, -0.04817561073187418, 0.0697267628417437, 0.09160174744050151, -0.026303646955560964, 0.013553336063382715, -0.06585028806732714, -0.0005562524269153296]
[0.04271597268659827, 0.04858122985407359, 0.07872824700674858, -0.026955431878675176, -0.02568859153387941, 0.06094087174106594, -0.04814720455618609, -0.04237587401542531, 0.04992537427910784, 0.0007449879376424801, 0.056134677613775275, -0.056342240197455845, 0.06684190074198212, 0.07460640000442695, -0.07483908574212979, -0.05500026756961829]
[0.0013516198873019941, 0.03713726624414937, -0.05827398238081347, -0.01944396841553446, -0.07842314792137778, -0.0719621204881022, -0.052393722424779514, -0.09546238217861303, 0.047778734911702286, -0.0773582466984416, -0.06955171670577827, 0.0879181318131359, -0.08870492928685336, 0.025250611252297328, -0.07554631394493881, 0.06213051925688859]
[0.007770329957301647, 0.036332492562504176, -0.033398821833341405, -0.028556732214240738, -0.03128204009287931, -0.06876258448914051, 0.00038238404401851056, 0.025831168142392308, 0.08271817456337036, 0.06560492919130925, 0.08167004546805798, 0.02239678784522034, 0.009214180518342371, 0.034343044970587544, -0.025224865469601038, 0.02648199019177172]
[0.018207207899578456, -0.07817869640104357, -0.007980819595265864, 0.038203407638764564, 0.06488407729333168, -0.05235103773731913, -0.03282293268623451, -0.09033601171575892, -0.03474824177560072, -0.03902622631564676, 0.04285594642989346, 0.09079759500538664, 0.07106967656658089, 0.0185444157383821, -0.04404288420333187, -0.011238564769899734]
[9.083470386721249e-05, -0.03328248776468401, -0.003835856218763173, -0.04648492334230128, 0.03986887120781457, -0.08297100104453113, 0.007304382243543947, 0.07595181880310986, 0.0634847004621805, -0.04717712551250058, 0.09168381640023546, 0.03672947526714765, -0.07623904633687771, 0.046120889503262485, 0.07048124009637857, -0.00652656644819935]
[0.025143970319507075, 0.013942968334737363, 0.07996163748301993, 0.017166142682047567, 0.06655000367455075, -0.03694492198566712, -0.09088176007005788, -0.013603972006554832, -0.030757747313605435, -0.07409636913263873, 0.08711979712721193, 0.009245745598373989, 0.046056293058893194, 0.06057511527776213, 0.05964345495448076, -0.07989775920402305]
[0.09382505821127418, 0.06565499130086222, 0.07875779659775817, 0.07194731803127266, -0.018773899364594906, -0.09578899867678542, 0.019820433082726782, 0.05679796689744224, 0.09177794469551875, -0.036767121020121765, -0.08071712037616521, -0.09281800032297863, -0.081902677590684, 0.039259022677168576, 0.07192160949881218, 0.07091173234179488]
[-0.09273368963598703, -0.029648327968415364, 0.09610393798890302, -0.03173962729964026, 0.027798844630286756, -0.05293182121935816, 0.016722382592695498, 0.010675646509957143, 0.04766911454745154, 0.06055701760781246, -0.0346331969417865, -0.04191567856764873, 0.0911230304010458, -0.018023265951999407, 0.006454209685768639, -0.06160996398569956]
[0.01921716592400184, 0.00019337756204444723, 0.03360587177303215, -0.004275973357155655, -0.09595579058230626, -0.06709710996191276, -0.03181490474693971, -0.08621385466380015, 0.08995132208018058, 0.09140552036779262, 0.09948086861192451, -0.01941346969042157, 0.027836365385396578, -0.08472355338367617, -0.019971785832810646, 0.04098225120153523]
[0.026317535384981466, 0.0783588652450539, -0.04221929514105689, 0.0617903640275726, 0.07276484648673595, -0.016838420330276577, -0.07998924656490339, 0.002912270648464596, -0.0348588982047615, 0.046471493058948404, -0.09014845066305117, 0.03703271928271323, -0.014064836805559894, 0.03421074504149424, 0.04397532583317687, 0.059213238369239946]
[0.03155307793771667, -0.08962814262153884, -0.09017741311472618, -0.03151326885302899, 0.05331224852165245, -0.07848924839922185, -0.06613212640304245, -0.010150458489082165, -0.031246526672997862, 0.000403136553268138, -0.06931634301723238, 0.0901193668355543, 0.07684727143430531, 0.057372407252173296, 0.04954044831344917, -0.0179983949123846]
[0.03319495336951711, -0.07398782421883239, -0.08793625390715375, -0.042579727354537016, -0.08369642712740766, 0.0995717298946153, -0.06880758842696494, 0.02917643970497641, 0.04121397524389772, -0.06685255472162255, 0.06750213943557917, -0.07180354816170248, 0.004902352302961849, -0.053382345351815366, -0.03697862579820588, 0.01771926232125484]
[-0.020497004309141184, -0.04308504652392882, 0.04215097406446486, 0.09518805876606637, 0.07066640377113156, 0.038894508521061966, 0.07558224960059443, 0.00012724846722611538, 0.07956651338209883, -0.03412091260392483, 0.0638593116510251, -0.01596549916573578, -0.021631451668391755, -0.021426678694370052, -0.05584513237103553, 0.024807531298144808]
[-0.01931148554163145, 0.03742222278327029, 0.05966065050008129, 0.036301479761835426, -0.023077233553459073, 0.03131693544188324, -0.06736639885161685, -0.010276807905072599, 0.03854699687590746, -0.059481183415074114, 0.015305486906559043, 0.015466531689695334, 0.01744331019350931, -0.08969481767160015, -0.04494304876568407, -0.018279676713427034]
[-0.00951154126157372, 0.02575558275500134, 0.0013224418063309262, -0.02610258875627698, -0.08440921309158354, 0.014603080177435807, 0.00026489353045859587, -0.05517800314849393, 0.054280979708993454, 0.04871557992030748, 0.09878570027689945, 0.07980541068497612, -0.07268486669775685, -0.01571929044692158, -0.06350572760162654, -0.06295201250784617]
[0.04547832292290532, -0.06926145853974566, -0.014282083818023428, 0.048115757909492574, 0.04170756061155742, -0.029155840465552266, -0.022347567844608382, 0.013030236394860381, 0.00442065213062251, 0.08474053058227232, 0.08269674120941525, -0.026571607290765645, -0.0415954032975739, 0.04111140158836887, 0.032050313434663524, -0.07069269776588927]
[-0.08548971447937773, -0.03269807065893596, -0.05525795814223322, -0.049876280407633394, -0.06972774194148819, 0.07094835248779333, -0.0852719615546961, 0.09934246295384319, -0.043081033159614805, -0.05691181690755365, -0.028764180654957547, 0.030890714570371902, 0.08195011708612218, -0.006263346347773452, 0.08555049964086672, 0.03213097622132513]
[0.08713498953925597, -0.007901093493102973, -0.06230953882599628, -0.050669992956163014, 0.014403214741560949, 0.09076122219657135, 0.03508606710976572, -0.05396533938585977, -0.00926251250550894, -0.026245638878845526, -0.035019381841023045, 0.04328523624649097, 0.07717796707958494, -0.034493559670129084, 0.02716650313979635, -0.07920622868984656]
[0.08093434309358744, 0.08035858017770348, -0.02390749207278539, -0.06024806310757003, 0.07248952049685034, -0.05434158133075411, 0.07816133356115404, 0.010818884999576284, -0.053721656718755596, 0.03973376802724843, -0.027371301498146025, -0.0646100522850318, -0.0973099992675627, -0.006133652020361938, 0.07327949529742486, -0.043404601441905326]
[-0.013084600451516756, 0.012466901203688027, -0.0519750728357586, 0.050824532769023295, -0.06730727490372576, 0.03726964042603961, 0.08672130766920921, -0.08589785207214846, -0.06796861440099251, -0.057275530103496265, 0.09434309377641956, 0.004339253593847722, 0.09907429266635176, -0.05831433304600053, 0.09396359667125573, 0.05501042009738405]
[0.0907069604943426, -0.09037391442476993, 0.04813857446886083, 0.03865667402233275, 0.020206444470283774, -0.037356426847356614, -0.015419306010136816, -0.024606654353923688, 0.008667691327351817, 0.042272764770537596, -0.055781805810981355, 0.0939745714557336, -0.062035260821567406, -0.07880384704441319, -0.0850218766290991, 0.026748524120633638]
[-0.06971427261716256, 0.08053104327437358, 0.023319147569046517, 0.03513390488913071, -0.005236665220277326, 0.04377705219627309, -0.08098845173329494, 0.052090813285325194, 0.0332157127263904, -0.06734364489598185, -0.09612983004858607, -0.07841832197262362, 0.03684411378205488, -0.03749160731260559, -0.010614751663554925, 0.04236965719775301]
[0.09270331547703631, 0.029272155154513396, 0.049902762523911015, -0.018204514566448643, 0.08375902102066093, -0.04295755934206694, 0.08846624407249737, -0.09002201955313537, -0.03803383897413881, 0.05226768683145505, 0.029706321733966867, -0.023444406296386805, -0.07906977814815717, 0.02869831475791776, 0.014048704427926356, -0.020879226062766904]
[0.01574110393813133, 0.02416337125937043, -0.006446522793878251, -0.00921864130379721, 0.09061835854053402, 0.03691469820920806, 0.08178131110419185, -0.061639662010969376, -0.09599267222363082, -0.04144858316058089, 0.08276752004589291, -0.039270114101122335, -0.06240150976049646, 0.04369524439073966, 0.009338104598412778, 0.06609900898709739]
[0.08295769325928357, -0.00033097678995527846, 0.069097017687821, -0.08271297392442917, 0.051519012054132673, -0.07623036664446695, 0.055213802825234026, 0.08278036511028847, -0.09619826774719359, 0.09967043912680501, 0.017524806545631932, -0.07578084504757435, 0.011809261028429677, -0.03550939110222949, 0.06386937615164384, -0.06516667307680121]
[-0.05488672888439819, 0.02522206972308408, 0.07987200431619534, 0.05095850228186852, 0.0756515357197047, -0.04544804122623696, -0.029399130837190368, -0.06718987137913371, 0.029713438297150063, -0.06530552654175364, 0.09701427364190007, 0.007265695660044605, -0.05820155026717571, -0.06747987977900652, -0.06529980047839143, -0.006485550142717789]
[0.07792774207839606, 0.06236869317469115, -0.01778559929300469, -0.08628188171555287, 0.03335604225127467, 0.038112915692258276, -0.09007787191863231, -0.024000928148107975, -0.02263167243390618, 0.09356302883977011, 0.06886219952609926, -0.0981325875329226, 0.06987028563611752, 0.050209547761586315, -0.0299488277827529, -0.030477862918066645]
[-0.043566309708081556, 0.07791378647712752, 0.056042308593414275, -0.07956961522171752, -0.09305198862195907, -0.01506587875888614, -0.05372316907927632, 0.09396586011073446, 0.029053797147931687, -0.020038618092781985, 0.05750469730151239, 0.02827893535965509, 0.09413623242886537, -0.0030287726057925957, -0.07950291826556824, 0.07656362349512177]
[-0.07490656514786359, -0.005210201237111217, -0.03820047503090194, -0.03331713035079116, 0.006550332826710983, 0.08225579226850499, 0.056476490689877756, 0.061014670653171926, 0.05003507804592075, 0.07168969517331023, 0.08384382621576128, 0.010004045099187439, -0.02768692760016915, 0.014509664313369683, 0.03359188965598342, 0.07302602381825615]
[-0.08767343360480045, -0.057311808899845086, 0.07244595625064276, -0.025887741927424032, 0.033151269505807435, 0.09568474076223868, -0.07410675104334088, 0.05816521171411421, 0.03320254750184867, 0.05388436479501818, 0.0547902248225178, 0.03580439471094665, 0.016832440977074217, 0.01301890134759806, 0.03158172944455753, -0.08865206927736212]
[0.038425962091104826, 0.09599806664955188, 0.08747726755966809, 0.005776552752056935, -0.0027564355639426302, 0.06446689193928792, -0.006194068117799462, 0.005695211832418237, -0.0989121439037166, 0.08722823692357629, 0.07265245743755935, 0.077827653820739, 0.03850611129661047, 0.02284632937806312, -0.08670009044455443, 0.04800390500650403]
[-0.06313634185935871, -0.07490211326317059, 0.058236818663980644, -0.051552177146376194, -0.08734103131889089, 0.09858453873769599, -0.0021539249382155345, 0.01026884257337013, -0.060600626914075306, -0.04283287684215525, -0.09524478279102372, -0.04810448347727703, 0.04230091394385399, 0.08520285257761584, -0.005374696993584255, -0.07443249504542178]
[0.04661377245938614, -0.08964116291521662, 0.044391366746687616, 0.0949666533546148, 0.05922951726807699, -0.015246181467573436, -0.08960438392961134, 0.06292945500802888, -0.035221732885510046, -0.010843158877033729, -0.08971804514412152, 0.07132315246233237, 0.0038283097258713095, 0.05478425953834204, -0.032960250337422545, -0.08344286852630337]
[-0.0850531339319398, 0.09646304140696105, -0.0899469787927969, 0.01574502510189761, -0.06334284763312843, 0.040053213134654625, 0.0319773790000783, 0.04360385699653868, 0.037070847622808434, -0.03012892494560862, 0.07038461546488473, -0.06872998690719179, -0.09322538895901332, 0.031696906977543626, -0.057967487524359165, -0.08724333711140252]
[0.021803734529693086, 0.05793688261446414, -0.02477423850965957, -0.07716312929653296, 0.07442465697760767, -0.059204792016716246, -0.04496547693801365, 0.030012180750900674, -0.09369139084627552, 0.04829966164724114, 0.06408018183666578, 0.06330140183246483, -0.016038872226356027, -0.01443304241179684, 0.01971381924635862, 0.03575651325996146]
[0.029046426193552355, -0.06476095901047749, -0.09648563276306439, -0.0005580082103567169, 0.0512751362672009, -0.03392586452288947, -0.0835116515155197, -0.017262015892184054, -0.04338764074405213, -0.036440174928999536, 0.008833643339338365, 0.024940184036995758, 0.009551280507645601, 0.09437597246033139, -0.08575417904130103, -0.028869212131789876]
[0.041083108880997254, 0.08197201905812065, 0.02501751877211006, 0.030754334591971216, -0.043045881463777795, -0.06385904929082242, -0.08785795520012044, -0.05279187435278061, 0.06864544887158461, -0.06807066532363377, 0.00569977968772635, 0.007689900216294537, 0.07078349790381813, 0.0899172923110268, -0.0640044690830562, 0.04902012626272295]
[-0.06394798095582027, 0.06662322916355701, -0.09640698594021471, 0.07516298370935079, 0.09652797750723693, -0.05424947315408468, 0.06525147853476551, 0.022061374551474305, -0.02970818064379062, -0.0033250213442783394, 0.06403152095940598, -0.09319417727866382, -0.050723877286201584, -0.08686358025562807, 0.03382985760193219, -0.0275269777568852]
[0.053079705737785976, -0.05283086417152112, -0.0912122682273229, -0.07268434902107335, 0.010534229868518513, -0.08357436217520012, -0.025771834737578755, -0.04551107209311838, -0.08876288006044293, 0.06245394777432306, 0.059032296766656, -0.08682347766355987, 0.04213051663491174, -0.043121473029693935, -0.05385333549267149, -0.08243074983273653]
[0.01726039406872973, 0.084317137704291, -0.05004677610499597, 0.019599338077641165, 0.05482804367997138, 0.08223781095285132, 0.06173861413777754, -0.04714002668340842, -0.04669555074928766, -0.0395882246976542, 0.012236557342323207, -0.04056558801355943, 0.018447881283072023, -0.006169473042441712, 0.08735624466903041, 0.06426952649831685]
[0.08955846463122621, 0.01536595478291261, -0.08087182777683351, 0.05613441447513973, 0.08843836897678412, 0.02386881003496996, -0.07163977959169206, -0.031035906428267396, -0.004108761850348724, -0.08489447958629777, 0.06933931605331528, 0.002759222212206064, -0.026818783606054233, 0.07720539060529003, 0.04211857814079786, 0.018419238174229108]
[0.07760519349346648, -0.06776762151356452, -0.021773707583225943, 0.09164636591247288, -0.05586052702411775, -0.07434900581767118, 0.07941085200424486, 0.07115103944072385, 0.011181653409671727, -0.08033815867654058, -0.06943594155135822, -0.09699960577112353, 0.050534537994038176, 0.05570954771117209, -0.0764732399375703, -0.09721911792932987]
[0.09027158830436807, 0.07435526825681016, -0.09041980970800985, -0.0629812957535601, 0.025637660992792688, -0.018495580451068208, -0.07790675874654913, 0.06182411570444046, -0.04863955872567698, 0.06034378482679048, 0.017153772028058095, -0.08192188107179205, 0.09633245647950647, 0.08076921103814735, 0.01673042586910338, -0.09010565893576357]
[0.03092786509442183, -0.013056818914731733, 0.07263659460348282, 0.050628898529637145, 0.09829317477260827, 0.08544643814317457, -0.06125052100989523, 0.08847318952716424, -0.027267632959275687, 0.08775398072305204, 0.033991879524258695, -0.0023662637572436085, 0.09548846688792917, -0.0323804590183826, -0.02830705498253376, -0.09264800700115433]
[0.03979003350276861, 0.01090418231633103, -0.023582576347371514, 0.0026854802908483355, 0.08055582642737841, -0.04153817931513962, 0.0827271378091731, 0.08306872864297063, 0.09884049097173858, -0.04187841245581672, -0.04278884157232979, -0.008399679865451898, -0.03684461401832771, 0.07668669068389627, 0.017740075717859655, -0.07812139484976031]
[-0.03840540479703896, -0.01009575461898296, -0.042809423911715765, 0.04686162250033013, -0.06797440964293258, 0.007041799439109722, -0.0732480996405077, -0.044704767608996734, 0.03368111998737494, -0.06280716500618218, -0.08605495966778359, 0.099701706749968, 0.09706687985334447, -0.07270371323126248, -0.033875255695683726, -0.019796559045062362]
[0.028209416483249816, 0.07810646502691845, -0.048182560042834235, 0.03230125898869543, -0.020488139751997703, 0.029104169165561744, 0.02596341018971468, -0.07554492615122532, 0.007779838962131441, 0.05668411327122269, -0.003741385086728749, 0.09244072624856936, 0.08098552063059494, 0.035570982406934404, 0.0014995088912949789, 0.05215117198429295]
[0.055041196675198883, -0.03776580293328394, 0.009628794596845472, 0.0388114050645941, -0.08665379680322238, -0.026681942168719594, 0.06900665924901506, -0.003060803259590683, 0.003001003138789593, 0.06247371059379067, 0.0302199559339687, 0.021975547325616643, 0.07432409504205384, 0.01756094058434203, 0.07856185301561805, -0.032503486532341835]
[-0.006037217546129556, 0.04929772572081842, -0.040502555469323756, -0.06706107096780574, 0.049973303093524185, -0.006639966401742942, 0.067013017209167, -0.056653538835943845, 0.05547959890243323, -0.0036104930301544547, 0.016470368649107087, -0.020514680072477032, -0.04256213916650156, 0.030142950941967728, 0.005789159455357656, 0.08547142988278492]
[0.09816226465823016, 0.0891057756237357, -0.03847437402671843, -0.07418514340424738, 0.011716883989000462, 0.01758509919622711, 0.022626303402540876, 0.02971449226762235, -0.08016152513826716, 0.016117190511923243, 0.0644583959837885, -0.06727160158362194, -0.09955162480022704, 0.06292987140731407, -0.09131222637466113, -0.0813791536785103]
[0.05295846467240892, -0.022507327195968402, -0.004660959447371035, 0.0062921922103577055, 0.041718737259133665, -0.02682093109595314, -0.08337609610732524, -0.059371081769523264, 0.070973027180155, 0.06455020966185007, -0.07480199526995313, -0.09234222204040204, -0.04198557643462382, -0.08534630846192054, -0.0870897804093256, -0.0903020840390441]
[-0.011339455271240959, -0.013277951464233495, 0.09206980765231737, -0.08989360304096967, -0.09049678083166844, -0.08170279630095395, -0.008233809073642823, 0.0036394984823543003, -0.06618408481300236, 0.04607926942463264, 0.0663727320152023, 0.08235897907980055, -0.09334307267910161, 0.09270136672939594, -0.01770164425648535, 0.019545610098505833]
[0.03240007024121627, -0.06000507296758757, 0.08966773356059984, -0.006599934639733629, 0.03512701996712217, -0.011765775795768499, 0.09587985100462021, 0.013264808945748663, 0.002126055141383018, -0.06094641539914123, 0.029759377375687512, -0.003705575214783055, 0.04547280191451042, 0.06162605766962456, 0.050122117564178476, -0.04640590359816166]
[-0.08059888607007748, 0.08149868914515662, 0.05317770564269117, 0.03235021245984218, -0.028410584464515082, 0.01506786957767478, 0.07606205200359203, -0.034344983629207196, 0.07147970652095711, -0.08949596999016772, -0.018858116370898542, 7.11904611319647e-06, 0.07315467133522677, -0.026367571401121226, 0.07239425434271371, 0.08959386166622615]
[0.0795464960209433, -0.05873227447456386, -0.03295729895263562, -0.08432056891066414, -0.008561943886512907, -0.025443319842495593, 0.035356702691699354, 0.008040966939582964, -0.030980524145349173, -0.06192850324257618, 0.04953324935555198, -0.015862519429348063, -0.09831689541044336, 0.0449136864797835, 0.02750157954523752, -0.023448449409793293]
[-0.05086203575053277, 0.09594112233173038, 0.08168395272224113, -0.09956523724829454, -0.026730710248471873, 0.05492178478188256, 0.025150611510750542, 0.05432179907155141, 0.027743330144947287, -0.08142620936259759, -0.08266538102958987, 0.0827334178928135, -0.06467697513918952, 0.027859682714437672, 0.07941116231559534, -0.05387315124607919]
[0.005429343841960171, 0.02577982273111784, 0.04445281547904156, 0.017794175188335773, 0.08260200819426303, -0.022519140961732576, 0.03708372052366499, -0.06892873147104889, 0.04900666297774592, -0.0033023064444503702, 0.0610022599861596, 0.018106357525262767, -0.013676966612267319, 0.03503054468851266, -0.05302917540480006, -0.03772066918645814]
[0.08255495732324356, 0.06649494766475447, -0.09898514274826982, -0.07938833062818385, -0.07408218004196593, 0.08032875389257652, 0.012834519628300886, 0.038057327966743715, 0.05484600294598177, -0.03723584070824937, 0.013775019659153731, 0.055999985151156756, 0.08220340280103697, 0.03507756904449014, 0.029244193932769724, -0.09186018112978485]
[-0.04510854304316934, -0.03485210804292718, -0.01285844612791609, -0.09905179693680471, 0.08095372834678491, -0.09548307727289565, 0.09832477449397048, 0.026782489943489224, -0.05346834650333874, -0.040764732401950936, 0.017625465128202983, 0.01544783563410801, -0.0945908877078153, 0.0672782805779086, -0.04335411673550269, 0.07532151798324682]
[0.06537385012641947, 0.05148573213429214, -0.06043721636951918, 0.027270274994237897, -0.09545710453235706, -0.052900758713561195, -0.030638737337909783, -0.017289237962846357, -0.07764679637351393, -0.03937420261647458, 0.050957258325478205, -0.0037840615543695416, -0.040822704894052445, -0.0951201007907895, 0.021489645657833248, 0.09818920772618142]
[0.06909669371417684, -0.021752040481322482, 0.0373215153898567, -0.05323551753673903, -0.060837040965323254, 0.07474137751468457, -0.09917114548446666, 0.059277490224769136, 0.050940631367678985, -0.003489517269231926, -0.007422521684569777, -0.024808717928754456, -0.09335931425047761, -0.08539595748920366, -0.008494886461993784, 0.05922711181014892]
[-0.009360615133761893, -0.004643559274028292, -0.06774530314104195, 0.05817330518982097, -0.045651119980204574, -0.08101673021985951, 0.04250295102159604, -0.0614684611130085, 0.064777755957939, 0.09932869048416837, 0.0053447692000980485, -0.08866147206511571, -0.07452395360842919, 0.033587567630286086, -0.07077702921230103, -0.015230760929663092]
[-0.0006428723175961465, -0.022411393321369655, -0.051817103785710784, -0.08728468846772586, 0.038819111554975694, -0.004235043268480093, -0.08357055301302892, 0.05053355092587239, -0.051409388778249056, 0.04447343099657336, 0.08227118898840322, 0.08164397598851986, -0.05322443324323583, -0.06996514292403147, -0.02869211939787622, -0.08909212293465799]
[-0.05326463352400948, -0.0856293401245306, -0.006844981413700227, 0.0006718319575187842, 0.020861234210531016, 0.05576130435169466, 0.054679708972869195, 0.06653324647977585, 0.0551378420579306, 0.03515024515542048, 0.05147344929380113, -0.0950629914168094, 0.06938632462484715, 0.0674037324541833, 0.08679236092075182, 0.09500882986445763]
[0.03547480706176795, -0.002307856614521861, -0.007345070296491452, -0.08164741853596946, -0.008894532511267678, 0.08411435824583927, -0.017291295231301948, -0.027615992133288678, -0.09115915944497524, 0.09652276488444742, 0.0700175364491267, -0.07705023178531108, -0.052587167525267375, -0.09560665104018735, 0.005197960242800434, 0.021666054484254932]
[0.022523966171770438, -0.03323517175899496, -0.03961092627984495, 0.048116102287865864, -0.045673495116408704, 0.06588570019571285, 0.05216545830146613, 0.003834503293665331, 0.005344837036449168, 0.0917553285501935, 0.015376276636782288, 0.012957611251955076, -0.04319745183649806, -0.014916348773756555, -0.047195131894372105, 0.03943219995641992]
[0.04952625241841696, 0.0013903862820143775, 0.08353607847247896, -0.06828657590834514, -0.059255807885855764, -0.05156215021490185, 0.014425970429973026, 0.022891819027132027, 0.09725432068046899, 0.06940670409589972, 0.09988261354751618, -0.04569967242817248, 0.08198937781400606, 0.03517492597798558, -0.06390352399208274, -0.01898694414933741]
[-0.02241982920489509, 0.06119947379475796, -0.09274209560309106, -0.012386240920804092, -0.01442296575193018, -0.037870836113384626, -0.05249710861027934, 0.030271486612423792, 0.08269628897836034, 0.08699998233337167, 0.07824238041093176, -0.055494705138834234, -0.01603207408762937, -0.07242803336547357, 0.05107836629286247, 0.08725155649278332]
[0.08282765058011762, -0.02973995885464434, 0.061011740295284805, 0.09144754419668294, 0.050134451930067075, -0.09438740686988306, -0.09244495901998849, -0.03846037679685213, 0.08421975843520993, -0.09866294647947167, -0.08749924040478292, -0.01952831388446133, -0.006583306985439782, 0.0015905542170943504, 0.0656375316985349, -0.09904553588942562]
[0.057342511606966545, 0.07174003350797978, 0.048755410789370124, 0.07127392129784482, -0.01327457896183884, 0.06430096377127956, -0.05229295170807833, -0.057664659508103025, 0.057273740458283345, 0.06695292208829973, -0.0545448652723354, 0.05064192780054319, 0.03280098234541348, -0.020024308412651154, -0.01941592596831647, 0.00475561465440788]
[-0.04932127122209023, 0.0870872450754436, 0.06572487352665549, 0.03418139932671768, -0.05630448734088696, 0.018592084166349013, -0.030702068500756186, 0.04342200938776625, -0.08069443150194407, 0.005486380337832886, -0.02688475856756538, -0.032345666889953134, 0.09862763804470542, 0.0738665513829164, -0.023856205397179253, 0.08804160050695617]
[0.09272007879959673, 0.009004557218789969, -0.016576248740444305, -0.03952118741047304, 0.08209023398525186, -0.034158820911653856, 0.025946281822071066, 0.07734987830282578, 0.07223305319981502, -0.01199190353256592, -0.02473412785081859, 0.0066692581989906685, -0.002224995702409485, -0.0006050025675200799, 0.022316759393606916, -0.012356876023565416]
[0.011397230795551813, -0.028455278613765067, -0.04652527599430492, -0.012673520944199629, 0.0012242607232594016, -0.06219402526332667, -0.001708486244800425, 0.024756586027716757, -0.05640072040609104, 0.0793080951422502, -0.008327473877371955, 0.09866400594828806, -0.09464967483675908, -0.0754434756798125, 0.05265556976799088, 0.07719536236013605]
[-0.05396141285277494, 0.05740474194565137, 0.015076736710736977, 0.06881862784664855, 0.06156903229350494, 0.02638086264922221, -0.07935549301706352, 0.048553198997071, -0.004927584518793757, 0.07568164616516135, -0.08445185146771504, 0.00273167909497489, -0.08314819555183282, 0.05321974065233512, -0.03318586597458588, -0.06718284795489678]
[0.06625255089343637, -0.016598607769963025, -0.07529812227493045, -0.039358937777570185, 0.017800084931003074, -0.023743209340943622, 0.030430934844478397, -0.03179852905467642, 0.042952775795003756, -0.008081072870713552, -0.034483472799771916, 0.03401351030657049, 0.051581562283531224, 0.05223442218695784, 0.05942010275733983, 0.08823004772105947]
[0.08338531154809053, -0.0840275495852856, -0.03452505770940377, 0.034564685445853394, 0.043809177008199474, 0.0003797890062588738, -0.09139615631223914, -0.02870047292584721, -0.008691238540300933, 0.06856071009086012, 0.07445461341636228, 0.09687319466264702, -0.01999006328912649, 0.08780696911713026, -0.0002399753407155425, -0.03638363917475673]
[-0.029412682575571836, -0.0468428251706474, 0.09309500274349267, -0.026215872706772725, 0.0742126166601948, -0.015200144391297493, 0.07590758071274922, -0.05722853422894432, -0.032755153553706395, 0.00041667649371099347, -0.015574094500877433, 0.0896139602809822, -0.04564734380185753, 0.006180108245721044, 0.05097321570060351, 0.09477801746770001]
[0.042783014231061955, -0.05298308665000378, -0.08362136614581431, -0.05548376753926723, 0.07668621994012634, -0.025659020652191236, 0.008037890017148719, 0.06663911951830306, 0.011252229584424109, 0.022852519545942404, -0.018379036547024552, -0.054342900755489004, -0.024120833673135805, -0.006935141306049997, -0.009708904465910398, -0.05111682970419749]
[0.07750879548363052, -0.09010616036008608, -0.09918362173685738, 0.06877336753876537, 0.022813631170660792, 0.03545666241948797, -0.07211419091110227, -0.06538993332256357, 0.06957595576101294, -0.05030649068319975, -0.02404932900173265, 0.0004993065068763236, 0.010642564935859397, 0.02295653357766729, 0.008307609598339094, 0.07878615396675243]
[0.0716954434321527, -0.013685549498121216, 0.01595718600018506, -0.02306736095187409, -0.06510562288011851, -0.05312644453797886, 0.014392610167392156, 0.01627326482068936, -0.013818598081337091, 0.022548184842218877, -0.080499986958399, 0.07357750538711616, 0.064589849243468, 0.014540650465175942, -0.09022239068755403, -0.09001552475936632]
[0.027196942628005816, -0.04686929886982075, 0.07001285471012006, -0.0012953177733596999, 0.027595856225990756, -0.07745914208305854, -0.04722687790410299, 0.04202880396467751, 0.04856266893337344, 0.05914551540649815, 0.07461914170515785, -0.027468140311333697, 0.06663444674122423, 0.021828803726669205, 0.03249069675260677, 0.06278327717198562]
[-0.012447743745470308, -0.04530089446079175, 0.05383723815623312, 0.03913103511449614, -0.07130459268140427, -0.03146151690991565, -0.045074020500269076, 0.024225364932084714, 0.03478805182140668, -0.06241723530337957, 0.01986068725243066, -0.090415131102484, -0.047288177610373544, -0.02389201207499954, -0.08829913947131199, -0.0806332709814613]
[-0.03303553864295741, -0.027176463979401322, -0.07606924018343718, 0.02894833240371375, 0.09075906689453292, -0.0856546234762222, 0.011556176172514407, -0.023998943356997884, 0.020329425142768295, -0.09742757846616575, 0.07521601702584091, 0.09995834228972925, -0.015036443679029676, -0.08996307237927026, 0.06367221156575534, 0.0859251073660387]
[0.046169885537860916, 0.0436279602341732, -0.03617485578772593, 0.031794060947709646, 0.09702353639808423, 0.018668344576039275, -0.04028528223964545, -0.04307876535936209, 0.07817268509383976, 0.020673019138349555, 0.061311757123600735, -0.03874365167881835, -0.043484816801636364, -0.04678128557511605, -0.08500749438099309, 0.09330340028584949]
[-0.06556293199950188, 0.02254460395567251, 0.0922171816570155, -0.023783416011258218, 0.025784225073212458, 0.08932321795097095, 0.046139872399546256, 0.08206983012417543, 0.023052218690535267, -0.0531442565293097, 0.08969669422035628, 0.0711238642961757, 0.05270266805467769, -0.054342573830278365, 0.04793641385603209, -0.020528938109786204]
[-0.03698424650893821, 0.024556978295107168, -0.006533025884289764, 0.030730694563189692, -0.0048268916864266515, -0.020005856395997904, -0.050152110891527914, 0.08877819265231116, 0.040241740276133725, -0.017622375633775514, 0.07807662023706888, 0.03855451427972359, -0.08402754181121577, 0.09603714650154141, 0.05765542791317674, -0.03722577144096351]
[-0.019904445371251397, 0.05492205456756469, 0.03607674632423313, 0.07078455253882912, -0.08443911971512841, -0.0701213928905926, 0.043301638314542534, 0.01503878382308485, -0.0935790573080642, 0.0488342478503313, -0.0371593168637676, -0.004145927504690297, -0.09317820202985283, -0.05935182964460539, -0.023180957715050535, -0.08298302891242447]
[0.09045788687374934, -0.03898543445556471, -0.022100552576883745, -0.02436916103208056, 0.03236287451697625, -0.061695015844807057, 0.09541278963775598, 0.08125382487885921, 0.04243956765148632, -0.09545178116698363, -0.0402679611936567, -0.056931908964676974, 0.0004922752858439045, -0.009327861612128799, 0.03385961720217251, -0.026902680853744587]
[0.038221872692855874, -0.012911196383759954, -0.09269988147114128, -0.05432731122879689, 0.05765391260210248, -0.015757615525646, 0.0924576260387742, -0.037891563815833966, -0.047564454543135654, 0.07119261121435716, 0.08756779553118957, 0.061552269251386765, -0.07039401996186241, 0.09992654051893649, -0.07573283325063536, -0.03048243907280461]
[0.0349467596059444, 0.08728560774266339, 0.060509070635585416, -0.01705317659564151, -0.018530710809772893, 0.08307627115943167, -0.09798026532343274, -0.06758867113362746, 0.04564291977038981, -0.001976046207435231, -0.0897058238880181, -0.05868981675540073, -0.04910585790233329, -0.006758209352678374, 0.0880890777320735, -0.05726573196443139]
[0.004348819601150786, 0.09472716678211451, -0.09181620578461276, 0.06693714257817682, 0.06001131859490716, -0.05103070580410445, -0.05461078124928274, -0.01470448716559039, -0.09987040087416775, -0.07893811253561867, 0.001959757340055643, -0.07742218388824487, 0.03685713714754568, 0.034474102569160114, 0.09374695174563888, -0.08037818353691735]
[0.04040718141123545, -0.053935079014420365, -0.07712568706380277, -0.01029661002375648, 0.09595426491851242, 0.00942527056300324, 0.09665166301783848, -0.05953432442883125, 0.06847377015720801, -0.06291792329447926, -0.05486652654809379, 0.00796683773848339, 0.02494037210211833, 0.020658724064911135, -0.03726546366111212, 0.08271371998282401]
[-0.07953740041061436, -0.05005857586388418, 0.024637938537404744, -0.07664349324704528, -0.003790233822587516, -0.07250665873991147, -0.016968593688558076, -0.010438011481459328, 0.07025692645823015, -0.05352423764217178, 0.09427699639257797, 0.06897643445958773, -0.004052233386118445, 0.014996323989145077, -0.07714719555945711, -0.056876136536675385]
[0.014258622391787462, -0.03712627129880977, 0.047601423380209895, 0.08986250224939471, 0.04948910771813672, 0.0524007463954381, 0.07622247542537045, 0.04867047884089462, 0.05727520618052301, 0.03165119456937393, 0.07175031567480625, 0.05204507796617594, -0.08232879854412703, 0.09052434370226797, 0.04027606344190887, 0.02218779247819927]
[-0.021147969118457774, -0.01700830665999649, -0.06096603019918228, -0.08735743904524905, -0.07639318613265492, 0.0395372679766306, -0.09432348718518391, 0.08483400788413428, -0.09508303172617834, -0.08153946620027981, -0.015514115557210939, -0.035526839987268063, 0.030542368176039975, -0.08929029725314286, -0.09816933563728572, 0.007225169801638426]
[-0.09785836948323441, -0.021302979230702873, -0.005539695392966434, -0.08434818152743323, 0.02624061938484812, -0.08788249114506247, 0.08486086004468649, 0.09713572518002803, 0.03268329957525626, 0.009327093494837804, -0.03262075007494984, -0.08230377058935455, -0.061889684190985686, -0.049074967757231504, 0.08448055821727343, -0.07618126046943557]
[-0.023394768721171785, -0.007471091704077407, 0.07822034505419434, 0.017291256762990037, -0.09756817827031568, 0.07405212188403279, 0.04166832659431863, 0.03789444839982192, -0.03555808069944702, 0.08882847124448517, -0.09356053576902848, -0.09348919364000548, -0.09736892214565834, -0.09021973235875239, -0.056539359416614636, -0.015329153131378545]
[0.05571266909297315, 0.07267518644937782, 0.08335808723777435, -0.034019023627818765, -0.03204987317399535, -0.019520685355995576, 0.02436469812769919, 0.06374498417982011, -0.042980786587720844, 0.02471342893923892, 0.010136215320593209, 0.09212180736200518, -0.08338886635431544, -0.006891134376998925, 0.00751119713032726, -0.088029435908054]
[-0.022677377546404823, 0.07108219237191565, -0.07538992972716432, 0.08436967539483203, -0.022399783710492158, -0.04467907206354476, 0.08537798820450768, -0.05246521597389589, 0.010255705519041133, -0.062138809183462845, -0.04383914244951675, -0.09883749272026357, -0.04712330554098772, 0.09735629206316421, -0.0901730988217187, -0.04399014957430365]
[-0.05407007452371848, -0.0538680395472176, -0.002966313961895811, 0.08401032402092587, 0.0667643625083412, 0.0069086578747847155, -0.024709498005279107, 0.0429725165805048, -0.08419461905714541, -0.02260964415236824, -0.05534051168841683, 0.03698494979664349, -0.016033238679226097, 0.07089602836102749, 0.08083544177279281, -0.02137385685036472]
[0.08192274193795299, -0.08736140380553821, -0.08177376477053777, -0.012510979745798775, 0.06865249306293605, -0.034052122827045575, -0.0004811845526621894, -0.017226481343377717, -0.023489839492354392, -0.010432647642533113, 0.036826180188697544, -0.02632776001568192, -0.05228392997564229, -0.03758697063882477, -0.008919105879607023, 0.03587849257669187]
[0.06588272881954377, 0.0805804725689184, -0.011973095574689022, -0.03023506417650379, -0.027898793149689613, -0.0009698016205979265, 0.0500370857219711, 0.04686948450508269, -0.003188732458062754, -0.0034591350721661085, -0.06858620227102835, 0.0300827739180749, 0.013315887011128028, -0.03454535449449973, -0.08837947664300694, -0.00898618971024348]
[-0.0010868648997346686, -0.0730547359019823, 0.03592519092431698, -0.08241408261786894, -0.031307304752822354, -0.03237832146083751, 0.09850273114288377, 0.0348738366097571, 0.08360100674458029, 0.017372827795588533, 0.017680787524365374, -0.00997861060132102, 0.029782874062936143, 0.05570601302352585, 0.09794045642138949, -0.051031437130089244]
[0.018469511310745743, 0.029049649131797445, -0.023511787796217126, -0.07471249539312574, 0.02594003347922702, 0.04274660579382186, 8.5710592976046e-05, 0.06430821602697187, -0.0475658313374803, -0.08314328617787932, 0.0398670862679138, -0.05019558490216345, -0.044875077437697586, -0.08584602053919828, -0.030027206201536316, 0.04033331905871826]
[0.04944800531200222, -0.032184941845521634, 0.020573068096158748, -0.005067235910653722, 0.07004236968937427, 0.019726285600970048, 0.03995807583935279, -0.02910713903060351, -0.08773474468457419, 0.07147321458924469, 0.07161830134539823, 0.08771606628366183, 0.032957912435801984, 0.0030760900284741155, 0.021851985830137727, -0.08629808813102309]
[-0.07655497977956385, 0.019679496338432606, 0.047089982324829804, -0.019219697539632888, 0.0772138792996781, -0.046321919074995103, -0.028704506629128934, -0.09717511739399885, -0.029028030665183627, 0.07656084070349833, 0.053814586463042435, -0.06316799704649836, -0.08113375496392448, 0.05876200408891716, -0.04543855609444241, 0.052957059851331145]
[0.03466740260135748, -0.041325107429916554, -0.07318101638989088, -0.017245339700939152, -0.07584904747735924, 0.0979428718767017, 0.05423223020533002, -0.09239768511800178, -0.02549965025332504, 0.06604854999664733, 0.015707459829973458, -0.06283461362455363, 0.0308127841917383, -0.08053115123871711, -0.06701233287691077, -0.0341841307343249]
[0.0952288060802084, -0.09049705632788385, -0.06631734016439705, -0.08628163365346485, 0.08227091895531177, -0.018417350071133584, 0.08027386344270532, 0.07045097296146804, 0.06717187775625963, -0.09805615015331748, -0.05786405906213746, -0.008580046226302998, 0.01192375762456728, 0.008749031370666294, 0.03755355712527672, -0.0629521615588064]
[0.0022427468328208855, 0.06826094826717352, -0.07236842756659484, 0.0716227542724911, 0.03040495947403743, -0.032799226690101296, 0.09561253012898879, -0.01949315968875376, 0.021507459325312173, -0.004465752846915708, -0.08677033171950198, 0.013144744981895412, -0.08960374492086305, 0.05277413260466565, 0.013420552331128016, -0.016976457851806168]
[-0.08586061329837663, -0.03814555427961189, -0.09863409832083131, -0.051479294310923976, 0.0335321986525626, 0.04147367157590506, 0.027505759449278883, 0.05871977797862221, 0.011850458192213018, 0.013577832012273111, 0.05090054951038181, -0.09119172654043915, -0.012915564408183158, 0.0136156530193281, 0.01337158023163873, -0.0357670268801424]
[0.07154404944519066, -0.06002895241934417, -0.014762094212262517, 0.055058028127739606, -0.08764056088780209, 0.039067800779028494, 0.06956687356740876, -0.043124810211190905, 0.05630864573073621, -0.03860772754291504, 0.025039205485922533, -0.0611116609635924, 0.08475457008293871, 0.031433476656712867, 0.05009072655421051, -0.03733512438112521]
[0.03776501944309002, -0.05391842973512187, 0.03531191880024054, -0.0368123891471253, 0.017723499890819186, -0.029748013578096227, 0.08758716916101236, 0.08116890112754219, 0.07082791969614424, 0.03719643299750661, -0.06789774233227226, -0.08979455787318769, 0.0585446740255158, 0.05964346221053421, 0.0979871446528286, -0.014729967645182349]
[-0.048403413199848117, 0.08250888485391505, -0.06768096900552145, -0.08588732511647441, 0.021722138675206032, 0.07656152329541374, -0.011253102960164796, 0.06181392975633365, 0.05774210586558462, 0.005923690801699036, -0.06968390480611186, 0.07317098586212148, -0.02985883460519838, 0.0760829012604601, 0.006991969984778135, 0.05590711201347642]
[0.07889943617861586, -0.030708122088043396, -0.04136690116245328, 0.020821737878367524, 0.011809053849249157, 0.0043735604698323105, 0.01578329322404877, -0.06847675773073987, -0.04603339045233645, -0.013376110437754288, -0.08418387850489772, 0.09503622252338303, 0.06868128721865982, -0.09641423713673747, 0.052044334386229324, 0.0066694164918303656]
[-0.08790547824360168, -0.059879536261126055, 0.05112797861671661, -0.02508591897160646, -0.06207308948077766, -0.03732797439766082, 0.024479026664958714, 0.0798386223869835, 0.07882787917834116, 0.09973415658076681, 0.08490998677722458, -0.0709244247992848, -0.09226365057507686, -0.08782481511034511, 0.005175525638818651, -0.05236703459282106]
[0.013147314387099485, -0.05294816484196523, 0.03146529018736105, -0.07453386322693412, -0.0644135387240051, -0.005172897322882883, 0.08505067555255405, 0.03295544246207671, -0.016579910357663624, 0.018860241445060225, -0.08361975604515537, 0.08113776945249349, -0.08725888625885006, -0.05312567102395789, -0.06918172935884992, 0.039727863421011006]
[-0.008345447472976344, -0.0013735894183969644, 0.0717636607951784, 0.053379980661122345, -0.020039489896007234, -0.008754897648828266, 0.01749859188484322, -0.033778458325814345, 0.034569999722638856, -0.03983276388344608, -0.0008294569987432193, 0.06348229450647497, 0.012363926163434735, -0.028775051794970197, -0.012798478041131073, -0.07057522411399947]
[-0.09145477712453165, -0.0007143321274223763, 0.07306015162652169, 0.01790232515211654, -0.010548306116346232, 0.04012900780176809, 0.0009843227675940397, 0.06905417017377741, 0.029398382951609292, 0.06341000499165847, -0.04613644815050695, 0.03526548129738474, 0.01774656839999944, 0.049880750186427514, 0.020556475051708614, -0.023230471504177563]
[0.07972908141610341, -0.018272064486831982, -0.03785538677210867, 0.07224217322674051, -0.0391455504624356, -0.022750473483008654, -0.0925558875346062, 0.02885461063290734, 0.08965934285633045, -0.03106476751769978, -0.09278854033398119, 0.005218637060086656, 0.03648194704067548, -0.07257946062889256, -0.09103432509820271, -0.05903730653135384]
[-0.015333584879918344, 0.03920702528302428, 0.05349769533803497, -0.054013745759714474, -0.036406157807331724, 0.029275128291957275, -0.06402537989445592, -0.01074045740365119, 0.042946408932072966, -0.010941945507076167, -0.008114134683304866, -0.08822811729193143, -0.034674220824508065, -0.07769564754530123, 0.013176075014128985, -0.054399027159497765]
[-0.06397345819932262, 0.08691713144927599, -0.0911802062820467, 0.02277737374921933, -0.0423248605380288, 0.08441279542648439, 0.0045513528069522635, -0.07359387710605225, 0.07525987462943393, 0.08871886588822164, -0.031640272924606874, -0.07738058009450569, -0.06443044574465653, -0.09620987226056864, 0.04460263027891953, 0.07162871588943812]
[0.02099861692106142, -0.01848519123427414, 0.0019738281226053395, -0.004203668854536047, -0.09148452621422283, -0.019108563685411736, -0.04292703454568408, -0.015775260487733006, -0.05202048498735599, 0.0871509526822227, -0.06826957882543164, -0.03752235290388206, -0.014331792109161648, 0.038488589398691875, -0.05850366840309476, 0.03918247121835591]
[-0.0681522957109052, -0.02749278928888492, -0.0771832667257214, -0.07833741012551064, -0.0602012515899407, -0.016668607748303838, -0.04225757727157638, -0.0007490143950963646, -0.004503493172212478, 0.02338447984977307, -0.06069878652985328, -0.07769160499378701, -0.022080867976335766, 0.08060999341358921, -0.07892059961276908, 0.022558007066828756]
[0.06389884107798469, 0.005530051540012376, -0.0899463893426824, -0.08444816333764787, -0.0015992257644496383, -0.006434277994154719, 0.06183881365943647, -0.005150588986098742, 0.012908784276569343, -0.07117582640793643, 0.05076419016395986, 0.08499557494083398, -0.041950838782422784, 0.09484628377919999, 0.042423846465221404, -0.05571112210209883]
[0.07612301990938108, -0.003257802513740568, 0.09664235946662705, -0.03496325036365466, -0.00831392083467393, 0.07218142742297284, -0.0850212330782375, -0.07675570846849976, -0.0043836818368905295, -0.041151254398054095, 0.0590723944325528, -0.06289481757537232, 0.08006410762323624, 0.05559529831195151, 0.03078194765285286, -0.06423803379561457]
[0.000988664847812834, -0.05896164001630753, 0.025189259582237028, 0.09974123600036078, -0.08940826861932812, -0.02680756922733296, 0.02251059470492278, 0.06379161978686809, 0.03105503278379157, 0.08334405431300673, -0.005818563409431626, 0.007745076903430029, -0.0006596634540508572, -0.010691603724945126, -0.03133315455605622, -0.02358829032176532]
[-0.06074213742447765, -0.058260227857072855, -0.011326916345592394, 0.043855811191258975, -0.005361683347913496, -0.04749233717236814, 0.09626315008104908, -0.09450096097373373, -0.011665869734883455, -0.024340204910435204, 0.02119330765434424, 0.06046959093033341, -0.037530886367261984, 0.027910864792375756, -0.07840288653041272, 0.05700928066891814]
[0.06747073291777245, -0.04979386230195196, 0.04446629558204143, 0.09720077844554961, -0.03896287069789448, -0.09269303262356049, -0.04846173484253605, -0.0616967112614137, 0.016169442167364753, -0.02177298085853044, -0.03955597151944186, 0.004794051934144769, 0.0528514880327742, 0.034219279513045986, 0.020022923922286065, 0.09010750774539991]
[-0.016808906525706685, 0.015523107506004455, -0.052084210577828374, -0.04698012073005591, 0.04526775379769554, 0.039909231335128914, 0.05312816244706303, -0.08110533441482769, -0.0533232495944139, -0.08140505895655524, 0.06890305343727457, -0.024565664978002125, -0.06350828369175951, 0.005668050615610751, 0.08108453129013435, 0.0538982640833125]
[-0.01636467088918303, -0.05635616740057772, 0.01999291448850163, -0.019060977798844858, 0.026260514228990783, 0.03716992167633218, 0.024862667971861124, 0.041012574054901385, -0.00676491891338786, -0.038804604573266066, -0.02583028890273341, 0.06398833448064914, 0.00640441696971647, 0.06593335314397386, 0.05516082953031601, 0.09001802100889572]
[0.06362316283756811, -0.04492846653402214, -0.07165102524121195, -0.04026998571602643, -0.020982709041307057, 0.003584281664662986, 0.021365313612876233, -0.053315241556613026, 0.09345022502348851, -0.04935899702218347, -0.09628905554156122, 0.015642371239775674, 0.06967374261628792, -0.057195897864725544, 0.044354327655237946, 0.01050012119915715]
[0.07036324850367834, -0.0011962998335417196, -0.09330230426616606, -0.022962844263619456, 0.06600198162294688, 0.027562503814518413, 0.09740934638836055, 0.017252497419209575, -0.09419016698179886, -0.06925192814438251, -0.01127149512321017, 0.05628461091192505, -0.04383094309920708, -0.0032910570441679055, 0.06004153054253744, -0.04206231744879543]
[0.043684335414626546, 0.0909446200365269, 0.027438284929032053, -0.04651136333608108, 0.010053429336144878, 0.030027173868667878, 0.023479521211422674, -0.036755546474504214, -0.016077066616712668, 0.04905385095169737, -0.056300452630257986, -0.0513147254937699, -0.010269367313528524, -0.0023080786750950544, 0.008284093327799974, -0.02015371486277165]
[0.046870861210306675, -0.02607290468453831, -0.04056076357003571, -0.09675679781421076, 0.08350894980349052, 0.034123384607650825, -0.04796430759177901, 0.09162378439337851, 0.03817762632498936, 0.06893344191714801, -0.07716983870005428, -0.03018719761644484, -0.0449596869012032, 0.03507735837944337, -0.016605368198406342, -0.08818330611888608]
[-0.06378711804630682, -0.014009550443879776, 0.022916513119881604, 0.010278083554952813, 0.014028732593770105, 0.0010884136197953503, -0.056421359817319196, 0.0371136862566111, 0.0814520991055877, -0.06646919083687937, -0.03249771488915287, -0.016812355097490392, -0.09201632853332611, 0.004367371920393451, 0.03867949198740345, -0.04095186535302229]
[0.015562281738534883, 0.010758119438063304, 0.009025353384051499, 0.04719912056861039, 0.07539973266745739, 0.04364131573607269, 0.06333670833108315, -0.05097408151555974, -0.09023052947820298, 0.022392570840318732, -0.09769432232260361, 0.08145636453410979, -0.09785963318852292, -0.02494528755603917, -0.006568623399112128, 0.08913505787274772]
[-0.0008086829945491009, 0.06692688613165734, -0.027670255616572395, 0.08954566312490606, 0.05206865478340089, 0.02744786834379681, 0.05098948317161478, -0.0033880416185795015, -0.05997607597150796, 0.09197606392248214, -0.09538868836280592, 0.08649258929941506, 0.05797506862685228, -0.009157884158090018, -0.025664537956862438, 0.011106069715205405]
[-0.031076321296857806, 0.01662284246628029, -0.05426582392693622, 0.06872133817663018, 0.050951943533374705, -0.04333296414542309, -0.02493179143492455, 0.04336522801176518, 0.006129077357311413, -0.008344252150483733, 0.07201163498115712, -0.09871453542124667, 0.041105742581650506, -0.05419609684809763, 0.026335245195971024, 0.028262997896054465]
[0.07477121857252442, -0.007654664986409571, 0.026743382747105165, 0.09751869581831366, 0.08141608821219068, -0.04740395154319224, -0.07476518156481722, 0.04286382598153077, 0.06113183828907892, 0.04374572390939138, 0.07411672618063322, 0.026681341459068253, 0.09624370675717694, 0.04914278883903753, -0.050658634829354024, -0.045493738651041477]
[-0.04402440928156118, 0.0037548941349515585, -0.005099743280105609, 0.0016646046332333964, 0.05101920412841429, -0.07843055680659738, -0.00020182857462620885, 0.009640142479711455, 0.030012586616460224, 0.006860448560442503, -0.017890521077188623, 0.03886322639140041, -0.03264720092575804, -0.06543317434733187, -0.09655763636210767, -0.05696378509115372]
[0.04664173649405273, 0.06872728593965591, -0.09430409229726418, 0.07468385822578921, 0.053571080105048574, -0.007216746613065567, 0.08358892391309494, 0.03641245945187249, -0.09674207601063829, -0.06914666864043993, 0.08343654290123528, 0.09351541693678608, 0.031031829475414302, 0.03331831441480826, 0.010310910795596095, -0.07544624614590932]
[-0.0008921126878670138, -0.0013167428847222773, 0.04046140468584941, 0.05893328549386978, -0.05137385357011737, 0.05130741178394291, -0.07281805784792302, 0.09083487275933486, 0.04506842203568051, -0.07064307627758684, -0.0673798390931348, -0.06377324910858287, 0.09663434034133497, 0.07110815695929878, 0.09267114992862277, -0.05540354439553788]
[-0.06418538125380746, 0.09308851186272782, -0.04317685165189977, -0.07004315787210068, 0.07572591921781235, -0.05596151063188537, 0.07475216915556196, 0.09909640113704385, -0.03051927722882071, 0.06435236843432371, -0.052167240613029735, -0.07911050582921667, -0.08287325398058441, 0.052291423367295836, 0.08281914592053954, -0.04845938496640023]
[0.010054654945812896, 0.02009158733556307, 0.03426160962930619, -0.08722599024581273, 0.0838101663269731, -0.027592041088947777, 0.08786054060338788, 0.04312550641890239, 0.005800692575910052, -0.04269943965899077, -0.08032048424387467, 0.053449363338837735, 0.05439533183351383, 0.05046407831310945, 0.018583722397256766, -0.05049693712781383]
[-0.005994262862301689, -0.033777024649129156, -0.04229772252601907, -0.07990068982256154, -0.059579974154004914, -0.022419213725397416, -0.07018693109486006, 0.046479347412874406, 0.040936052501061165, -0.02618106883991292, 0.017507293962863796, 0.04893271158162271, 0.044756061498363836, 0.03541887124630977, -0.07844563311371938, 0.06178672304684113]
[0.018497082635305362, 0.07300273660803569, -0.08673520573655663, 0.07475976891392941, 0.01855440783836322, 0.09898292190922056, -0.057763413631048956, 0.013159952663656216, -0.07468216679667804, -0.048543797122005364, 0.05099745568604691, 0.03894375299195624, 0.04396545874912622, 0.06577146331223577, 0.03295044491098226, 0.0012244346002234785]
[-0.012422391922038728, 0.05968287871974268, -0.04407183419985797, 0.052299071538664726, -0.08302064158958684, 0.0694089860728144, 0.002304885026164022, 0.07650819870488443, -0.040243306402043655, 0.01427871887994217, 0.003252785546849754, -0.0818510066708325, -0.05153886804660617, -0.09994257272454957, -0.03922497682878026, -0.0044707233107199595]
[-0.07635323032448973, -0.049132741828152665, 0.0608709883578161, 0.02850993586998024, -0.004951077608059046, 0.017461783248238105, -0.01345379112090897, -0.04955394670484157, -0.06711703272831046, 0.08673849987371751, -0.04882753109874649, 0.037867503273562364, 0.07418706267023142, -0.017090431956351362, 0.03196028406490234, 0.06637561175684009]
[-0.058709548584781994, 0.01093099256983758, -0.0047881972789947935, 0.05969890884224177, 0.03264284123210187, 0.0005602714637026329, 0.04070418591624411, 0.009029982152614496, -0.002361005967943669, -0.051205346777688954, -0.016987549890556577, -0.006413637052578025, -0.034320462822077374, -0.05837466127190363, 0.051209159943381294, -0.0657243440069816]
[-0.05836101774589471, 0.01103529006763522, 0.06001609028787874, -0.012613842510605128, -0.08316380213769668, 0.05771517380457325, -0.015809818058601904, 0.03968808138874014, -0.05084192871347744, 0.024201361195430746, 0.07118085691787335, -0.07096520497999653, 0.004614355452602983, 0.06464192150646245, 0.006489084209134938, 0.049990903453732194]
[-0.002163949347858171, -0.03680999551124946, -0.09244947681096559, -0.011109285918497622, -0.020008150646557185, 0.059402000873683, -0.05527609049025944, -0.0382099750234183, -0.07847136755993933, 0.07958366365669978, 0.005731071612209801, 0.009123610704329016, -0.03930995848132886, 0.015314128143570388, -0.007073965059294876, 0.06988249185938414]
[0.0737341409315628, -0.006722579515199986, 0.09281447049050284, 0.06700496395244285, -0.018858705967048833, 0.038393290178727335, -0.054559706982640725, 0.09302392384194941, -0.03549672888000398, -0.04477621754219274, 0.07125780283840802, -0.06038618070046027, -0.08716054125477841, 0.06814062483440059, -0.010021031863009705, -0.08581902468402983]
[0.06307919912295143, -0.019372507843819026, -0.08559901221995968, -0.04528042031407453, -0.05263538279944224, -0.08127742637945262, 0.05290085859272223, 0.06352162252741639, 0.07962916321064387, -0.08087996326435459, 0.03068119194867186, 0.05294465418043623, -0.09730524657982276, 0.008484612073338879, 0.028833713677951234, -0.03657809608781684]
[-1.72989159838155e-05, 0.08461048470652352, 0.08668828703684917, 0.057324220611983584, -0.09850583987426707, -0.06567179900421956, 0.02563725354235641, -0.015418033441456286, 0.06440488170038164, -0.08065184379794954, 0.014644265067076195, 0.09462444396141909, 0.08065151376112448, 0.05336522394578977, 0.021948104030513282, 0.0747361258048532]
[0.025284149550394402, 0.05869214552547919, -0.05608988921228253, 0.04294504746353556, 0.06732935578193963, -0.09177863316234199, 0.0758486812478684, 0.06575893034432517, -0.01011210711619201, 0.05109070342914712, 0.0034169541218876526, -0.060156007303281724, -0.034458307470476734, 0.01978611911275388, 0.054312595353548154, -0.062255974193460496]
[0.09257981130500076, -0.04821934628737601, 0.06385879849503237, 0.06441052280457735, -0.01539499323722808, 0.03958903876742448, -0.010969153946747023, -0.09067927827781933, -0.06200109870744197, -0.07392762995952057, 0.06377480232033611, -0.03986077765518581, -0.08243225411871757, 0.09911969388978537, -0.044831357433253616, -0.026315875335749778]
[0.025426762287339255, -0.09814582602665463, -0.05352385591118785, 0.05045453531482133, -0.0355664589320792, -0.055213509716743304, -0.062142264716766274, 0.06936132906697043, -0.073599096705896, -0.07888964211051715, 0.09427350405251214, -0.04028704021463228, 0.09402950743037528, -0.08738586520143202, 0.054374728691104296, 0.0996247049060705]
[-0.026464784518609744, -0.004774587707960284, 0.07869946096789879, 0.015164256017239558, 0.059490440429576824, -0.06498965213058114, 0.03738524578143476, -0.028266358618201065, 0.09816170378198308, 0.023873718025183968, -0.08797335825731017, 0.09971031596699084, -0.08498771876459206, -0.054693865267831134, -0.05513805982253095, -0.07305164421298425]
[-0.0016704540039361448, 0.09549522390560186, 0.025750474248886407, 0.049400091937638, -0.036668869248174696, 0.05162443702578223, 0.05419292714385057, 0.06622025298985337, 0.029563824826460305, 0.08449889386927131, 0.042218812408266665, -0.08522828420728734, -0.003809096663107872, -0.03561366152484313, -0.03769807785097819, 0.09705642876714357]
[0.014215254872687308, 0.0040284646078766195, -0.07962950211515418, 0.02531736746917307, -0.053976461430666194, -0.013258217856378485, -0.07474711150388919, -0.04510319531994966, 0.06106943905965076, 0.08999910164263297, -0.009584545556139926, 0.04117611888067774, 0.08497220354478319, -0.009323447554826031, 0.078566103638321, 0.004740643789417118]
[0.06445167019105122, 0.011762282916576508, 0.09753372093983478, -0.028511237879435616, 0.004920975023311638, 0.01708622436797111, 0.018361492306597865, -0.07695770553594419, 0.07201548146553369, -0.06455689486145258, 0.06840467732733152, -0.021891121621453374, 0.010960961796327884, 0.03023823126558381, -0.08612638604056927, -0.056985380619227956]
[0.09806352745948652, 0.06087346358899312, -0.05356871177034535, -0.03466304264377429, 0.02480173012739803, 0.08480201157141629, -0.0850327950582343, 0.03831947925750315, 0.06028001806892058, -0.013030321346127208, 0.0783160073885951, -0.06174176917466794, -0.058255706390730834, 0.012372655897014598, -0.00014743173190212566, 0.094502577630732]
[-0.016999575821318363, -0.048273118914967106, 0.08921872956190119, -0.05148046118296606, 0.04824954124889508, 0.008783427956544604, 0.08631560785432221, 0.08052383780907613, 0.03995078157406756, 0.04313552723781061, -0.09929787568464517, 0.05643347807520491, -0.049722783931454, -0.09271126680363413, -0.0758388545898216, 0.08554260864575891]
[-0.046615453774876775, 0.0980912096154514, -0.0605143427667064, 0.028578961336221953, 0.08449134439114175, 0.07570743419285944, 0.08609451207530333, 0.050375051894341744, -0.020716686752452557, -0.033801933369971865, -0.05435724949717298, -0.08329463733053588, 0.013883331770564028, -0.050944400200665776, -0.09020275907115612, 0.03978393398515784]
[0.037703953983170224, -0.077853612402254, -0.0941879487082657, 0.047153417306569106, -0.007111706202873075, 0.07760413411829678, 0.023337706040295086, -0.051931230230181806, -0.041801482932185975, 0.06676034567832953, -0.0753191823910005, -0.026894450922107363, -0.0011134343252420936, -0.021984154299544006, 0.04230396465568706, -0.050988386143785314]
[-0.003237690837188417, -0.06381663909182296, 0.02275769198458029, -0.06615595613248043, -0.0943859549689242, -0.08535645996109212, 0.08618562320931791, 0.025614943938974233, 0.012761635727498152, -0.045065257805174896, 0.0039938547659003065, 0.02799205181112488, 0.01678060220624404, 0.07392256984419884, 0.05376481771352412, 0.010328571160717087]
[-0.09990361382293207, -0.029390851421293898, 0.07356969273038236, -0.039330038748010644, 0.0942386923537277, -0.06741141971783615, -0.02744028646557524, 0.007853104292028415, 0.09753933961297767, -0.09415910802109957, -0.09840534560413781, 0.0816198222556346, 0.044160672499649445, 0.04401349521984521, 0.05397924679210497, 0.010336968271772481]
[0.02951588416040221, 0.09237938179906433, -0.0541047976835968, 0.042075990118903395, -0.09772486161827297, 0.0996995804927586, -0.051259902259969084, -0.014143834967511995, -0.07708133795688486, 0.07354009243211759, -0.039588729532310296, 0.006692649492981456, 0.07587019582648999, 0.013795614186077304, -0.04832244428390922, -0.07272218205651854]
[0.08301745548528658, -0.045286282991946814, -0.03109912180404517, -0.048327107400654934, 0.038490499655857685, 0.06220446448777725, 0.09852118879254568, 0.08264887633977044, -0.05494042810220565, 0.06877331773707349, 0.0955994289469092, 0.043563674853899226, -0.09907957283925946, 0.02773420528677545, 0.08129789613494051, 0.03307063316825848]
[-0.09566389415293586, -0.04127253473037851, 0.08658178538994374, -0.08216342515203251, 0.08357723771206735, 0.04883846721516347, 0.042593179388610736, -0.0545213796099187, -0.05974387689754304, 0.0860369023770168, -0.05094186578742617, -0.048219981872980516, -0.09291709033018697, 0.08359679720801985, -0.07409043930182098, -0.013758154747378737]
[0.0422370344507155, 0.04274788744060237, 0.05290151862368406, -0.04399564181294866, -0.09546894199333655, 0.07849858189189574, 0.07150779468562965, -0.039545550397058274, -0.09759038984110145, 0.06330551603701545, -0.0009448867076294193, -0.0665333649495495, 0.003711591547055554, -0.06724118960802122, -0.07976540360563807, -0.05635379479787548]
[-0.0769154037958718, -0.08523605700517567, -0.06173208072119747, -0.04991197984119664, -0.002849020357391513, -0.0440537744919209, 0.020271002725876147, -0.0004918553253519392, -0.0053432687773752735, 0.09613089626275073, -0.009213587085955321, 0.08978382010111752, -0.053812702629587775, -0.026650043582979996, -0.00440300881471227, 0.08493475378443743]
[0.03098469922935279, 0.08369895692911253, 0.0494270298655565, -0.03911292047336432, -0.03653831921553963, -0.09187460835638162, -0.07888560730910704, -0.08268704817760418, 0.01764246432787646, 0.03920983391528343, -0.05952692225873533, -0.08954162929874687, -0.036423103224838424, -0.08341813552073639, -0.06484767240371961, 0.008700266430042597]
[-0.08282907613971327, 0.0928144963003309, 0.048983229460533656, 0.014640541880983071, 0.05923751005170305, 0.08450707242781721, -0.07111862579295006, -0.07206975455580795, 0.06379586351342231, -0.05074916277224537, -0.0795425613142009, -0.06345940637947062, -0.015415668665151358, 0.05273950713266737, 0.004475357353631318, -0.08430830743102583]
[-0.04876208679239611, -0.0702508814083714, 0.09566111672624786, 0.016340373288901283, -0.06517037254580034, 0.012295063387188929, -0.004043258893730223, 0.06428923147417814, 0.08681681315188014, -0.041320188845033905, 0.0334385097620796, -0.01568316046348936, 0.02832011823645758, -0.010189445472994427, -0.0903600589124759, -0.003520833099724216]
[-0.07221100578196427, 0.032507080156280926, 0.06885419711637497, -0.016690867621010352, 0.040570109666380805, -0.07518596469547632, 0.050555597389621065, -0.03046350643576108, -0.06449227628070445, -0.09228621021136146, 0.036629137315128346, 0.0010256818914639448, 0.05610692630174102, 0.02801148054010094, 0.023844432113225872, 0.049497366228005935]
[-0.03151131531523553, -0.0764894487521183, 0.06891544920915374, 0.09889168602087223, -0.010300627418795047, 0.03678169442559581, -0.01996530136630223, -0.025572178056715286, 0.015411674119199054, 0.00023452272764827586, -0.024637061542225377, -0.06347557026723578, 0.080125124471734, -0.037949626656040694, -0.040885369138815734, -0.056032208500899405]
[-0.0009691717809639372, 0.024384147292728378, -0.0778235048698681, -0.05551340312175013, -0.07887857281481461, -0.049517747607053186, -0.003711389482241992, 0.06619936166259113, -0.06694847942963492, 0.05984654924994531, -0.05082967337143332, 0.0035481765795956494, -0.047804710949530205, 0.0171282292184409, 0.06660933469133531, 0.04881073752781209]
[-0.04474711038469266, 0.05111399516931245, -0.013290345024312034, 0.03919119462275869, -0.007879381030754917, 0.010825009493935459, -0.014258869136147267, 0.025850398904468552, 0.08046815561150841, 0.03399851989986796, -0.009037497668943267, 0.07865832937393993, 0.050018110084872225, 0.08525082069517459, 0.0008670455423547274, 0.09955504264990911]
[0.01473537250594023, -0.03170152781052414, 0.08038409654695458, -0.05867910777142718, 0.019255744487955223, -0.07813000641119579, -0.050244504488216185, -0.09412339630492438, -0.09413013538022003, 0.09246698833594477, 0.06124275230572096, -0.0877176362310226, -0.017798039450079878, -0.04405917402160471, 0.050937992309411234, -0.06884034591942306]
[0.09613606834109459, -0.08433046095603247, -0.07826749341719218, 0.05632500169716115, -0.05259115403802679, 0.028932620254530222, 0.08533706694260709, -0.08697640221315006, 0.05194610053970247, 0.04181695970434801, 0.01959827568382963, 0.04768872317940839, 0.07655462711536423, 0.028600820325266285, -0.01976989698097839, -0.033199229540637684]
[0.09414374146738261, -0.09541181439084497, -0.06774488400002317, 0.07218550280809427, 0.003064345676202687, -0.08813296831302853, -0.01711890292727454, -0.07983139360830599, -0.020883150936602007, -0.028538411583397053, 0.014512496401960243, 0.08935727584208938, -0.06897047517369273, -0.09515909346985495, -0.01750704301191275, -0.0249069995640349]
[0.051592245579939744, -0.011163945912563172, -0.02479135925023604, 0.024758317931524165, 0.027347742836603184, 0.033210217743850856, -0.04350831524200254, -0.045370305112073295, 0.07727101686746407, 0.0781410641063722, -0.018751331750629013, -0.0056295141587870134, 0.030432643775738732, -0.04252676522495178, 0.03519117116472745, -0.057366311344613875]
[0.05627326541948552, 0.05744132520896508, -0.025220832992996378, -0.001327700725044803, 0.08109920955779593, 0.08342607581932579, 0.05080889266741026, 0.022012095035700188, -0.07722199006254403, 0.0899643474956642, -0.09245261360364698, -0.015507249632008072, -0.07368578367754419, -0.019928990826306683, -0.0931922191883901, 0.028046490027460985]
[0.07812139066973631, 0.09327956666468659, 0.09146208898759134, -0.07574635841990039, -0.01912626750167505, 0.03259538071644924, 0.04094311053896735, 0.03024761070743137, -0.09601275261597884, 0.09991920438273733, -0.014376104898889935, 0.08455353829177992, 0.07827098348605527, 0.050529671913196766, 0.0064032439020407644, 0.04951524325253631]
[-0.0540791447936186, 0.04658648454918721, -0.013453971424913266, -0.01794388774689777, 0.03170115734317214, 0.04865068105339265, 0.09348046905984342, -0.07767651564742872, -0.06163145389453262, -0.04260797837283528, 0.05207955492540761, -0.004210146912935336, -0.005425631598305072, -0.020412912541358977, 0.02064684240875185, 0.04115488241774645]
[-0.030042798107323118, -0.0643671299243457, 0.06520078641286417, -0.07112955970675612, 0.02625200128234756, -0.07469174425029045, -0.05754565928475617, 0.028520183715271735, 0.02487686556174662, -0.06955682785489987, 0.09109015390740405, -0.03794078750622958, 0.07572378427489287, 0.05165824954602638, 0.09914153110546145, 0.04302446957019693]
[0.006469197287108777, 0.07566637625558434, 0.08684211096160294, -0.049975278162730424, 0.030384830781652522, -0.02266915209405307, 0.02357266015171891, 0.021785505482812148, -0.08851117997301022, 0.0706810144335338, -0.06589831336789878, -0.03348879222992465, -0.09557892746775838, -0.045054801090500175, -0.08210420659499458, -0.0911298706035803]
[-0.05633593501737258, -0.08401545007048511, -0.09771047889661935, -0.047366170940748645, 0.03894687122026183, 0.03626221125854348, -0.024520963675164056, 0.02490331671055232, -0.0757205477786802, 0.0557052732516031, -0.0035113639618104264, 0.07772571376735421, -0.07144764514127654, -0.04398095647331577, 0.09171929089700812, -0.033486278081911874]
[-0.06934344188565654, -0.07784259616519816, 0.018508943667038702, 0.06455967054240278, -0.014975193261987707, -0.09578750071471474, -0.036726484103384194, 0.013197909721365336, -0.05325165653917561, 0.0673763951339236, 0.05822572182123517, 0.017782527917379623, -0.017498176358895806, -0.045082661097583125, 0.07680974788353392, 0.028858553499788886]
[-0.025311582619597747, -0.06959637169858833, -0.07459523727512454, 0.06975823534403716, -0.016274836166484397, 0.0157067659706307, 0.04436896833877052, 0.013037389908336514, -0.00815901818244455, -0.018408415371421946, 0.07738276279986575, -0.0946505345527043, -0.007376103647505072, -0.0516625721255986, 0.03145622367615958, 0.04460542016262514]
[0.05993295717361599, -0.07534226225964619, 0.09217247513361707, -0.03335495083136575, -0.0423842837337026, -0.04551882213711094, -0.015044604461163472, -0.05109044244645691, 0.07357755928887294, -0.0790925171974015, 0.03303779557497058, -0.057177425548529476, -0.06210436630304657, -0.012214258590713484, -0.07272627321424362, 0.08450599630510755]
[0.0126857437374025, -0.07888296900393593, -0.0039271631594798295, -0.07896675740074054, 0.09266962073622584, 0.004651952388965139, 0.019953379654956097, 0.0897504805568764, 0.04929187651466907, 0.07077542598881675, -0.09142922451919583, -0.07953481498013744, -0.06994561527078386, 0.013800371597408809, 0.04516657729650439, 0.029938152624479963]
[-0.010802423723476257, -0.051574929535904035, -0.08542479165107807, -0.06955841989349094, 0.0016703511909645086, -0.008612271205949623, 0.03936620387199785, 0.04898298397508849, -0.008979747199307303, -0.004963491677396223, 0.09456950345321968, 0.013306331593791881, -0.06009656190689161, -0.08960829712410466, 0.024636720105806892, 0.02985347984970213]
[0.035291354849843054, -0.04765888983858668, -0.008951131097511139, 0.07223926264635816, 0.048868746055993034, 0.07536780700356102, 0.015458911799293124, -0.06517660162041877, -0.05849964001128576, -0.04702829711735943, -0.008672161552918195, -0.01373164671117863, -0.013056176246332304, 0.09507159114878888, 0.010858485973263082, -0.031080236731796537]
[0.005549676961827538, 0.03503840179605969, 0.03258900759153566, -0.08701617307156653, -0.025908289604125306, -0.09685655521874587, 0.04109098425781993, -0.032656375015262515, 0.03879819695581027, 0.05211775217125891, -0.027185960017095265, 0.09000274628501889, -0.09947270817410665, 0.019188713249878475, 0.07753076740797041, -0.050064690343256224]
[0.009647058686619789, 0.029844583896341342, -0.026829079392734517, -0.056397356937167326, -0.05209031735139707, 0.03382630117385915, 0.017788334439196293, 0.04545740024251074, -0.07238978041716826, -0.03236069128569859, -0.08664894732634328, 0.023130426043702593, 0.07481044678292967, 0.003652933052715704, -0.09073164598546374, 0.09763264891823534]
[0.05910415709432512, 0.03678056360443202, 0.02314255634963336, -0.07426383207878735, -0.03350625279241659, -0.07060527996064539, 0.03554954326248724, 0.03804873108554216, 0.00549985510686643, -0.05483797971492435, 0.08045347656846552, 0.09628519834993429, -0.020598053237819866, -0.013843728292569552, -0.06319806357720399, -0.06702368087871564]
[0.006883390058188693, 0.06252718224428755, 0.028979960505142954, -0.05963871940278789, -0.048460920482589945, -0.028525317570099934, -0.06561405263382925, 0.08427386045530091, 0.017934337466619238, -0.00980647249656566, 0.06053588315308206, -0.08572638331943466, -0.08564129042451683, -0.047963381026903784, 0.03985248932187324, 0.0011854104838738]
[0.030893815508348493, 0.038819143442046816, 0.012869154248872985, 0.011236647286793452, 0.07490472443330404, 0.09175244151996667, 0.006756153676464469, 0.00877938103365103, 0.009142061853259859, -0.004597666433628758, 0.051338667046284786, 0.05142770234136959, -0.005170499351358243, -0.037454196600289064, -0.085201442566454, 0.036424623138005985]
[-0.028807525685941568, -0.09007322534035792, -0.0300072207144281, -0.03147632613265981, -0.07693219767434806, -0.049553572298830575, -0.08820291976711002, 0.05763544565833209, 0.002698414434879795, -0.02378894197078414, -0.027441170819926322, 0.033251499380071714, 0.04533275184482721, -0.03908697070184167, 0.06448704391991253, -0.09984844648196992]
[-0.09477024313273474, -0.07254161672685462, 0.08299014717850092, -0.0269722613252059, 0.07221018983093336, -0.08404415130526194, 0.03931097217228141, 0.09708191264866795, 0.020868967450037565, 0.07995472701872691, 0.09668197422035985, -0.08484027906267239, 0.07660780521939009, -0.007923178634769962, 0.07906412894186016, 0.008466520639326874]
[0.04713356698552612, -0.006021397287941863, 0.024512779841732127, -0.09681079354066305, 0.04811179283215544, 0.01844726301703939, 0.05814682240877475, -0.019006062185418088, 0.0064555424024672625, -0.09687382550054068, -0.03486945919282962, -0.052742090560940195, -0.001426366385241365, -0.09447714124360773, 0.05078857118467059, -0.0024974698609999263]
[0.08973884453975658, -0.004909125564844435, -0.08311727759151422, -0.019709898553036134, -0.033505063561309154, -0.08989883410410436, 0.06403799515400752, 0.09310539748943833, -0.006690118216846022, 0.0064743215918979385, 0.023035349153173845, 0.0876872012147894, 0.03956489755278697, 0.04722429154721483, 0.05696154235597145, 0.018518859567435902]
[-0.012572515144397237, -0.08911141305980788, 0.04053440070184808, 0.00729715835062221, 0.039473258014366075, -0.09351743803415812, -0.08271122893437757, 0.039528095407165564, 0.03236634421007173, 0.06763219581956167, -0.021667589579054014, 0.010912233089029999, -0.09237405283965615, -0.062181854028360295, 0.05534075137757244, -0.06593899969550635]
[-0.022807492182249756, -0.01422893719073584, -0.05107529824912003, 0.05503017343904737, -0.010524143802687222, -0.05961633597372889, 0.09977586773447517, 0.07860884685292324, 0.07528959975438809, -0.026004631713521548, 0.027234898838584737, 0.09018506947870328, -0.06978636288144167, 0.00715843880281572, -0.004186845310150053, 0.07731749678554115]
[-0.09531152731114523, -0.0639292328170233, -0.0431141208983076, 0.06183925850675459, -0.01749687690404167, 0.044158508677009434, 0.043818075287508085, 0.03197438600069344, -0.09583244511608219, 0.032758782999465164, -0.022607864296106728, -0.05833869382612487, -0.09713602750074131, 0.095584749276693, 0.06074572910937595, 0.03707829577876942]
[-0.02324204559757445, 0.02852375646458688, 0.053411491395416594, -0.09257385874721513, 0.09366101904724883, 0.04009061349024581, 0.051300583379018105, 0.041693940434001625, -0.08467920983489559, -0.023645196386222672, -0.05112864335863019, -0.08356178157655654, -0.0996064348834689, -0.0611151052464477, 0.09207411782133001, -0.017067069974574897]
[-0.08826275006138765, 0.061006749923928016, 0.03895209014241213, 0.020085078495229516, 0.044503929957802446, -0.05725085227691887, 0.05665514400887192, 0.08307897550403284, -0.09272384014075968, 0.036935511655913605, -0.013303398327037752, -0.044148568320570014, -0.05233855655503557, 0.06444448993842705, -0.09201259902069564, -0.08996698889411842]
[-0.08005138444426803, 0.09444099155399818, 0.01699513671524458, 0.05635058511899185, 0.06648602688548635, 0.024962404102365804, -0.002216472194378566, 0.08975225080564153, -0.06912110859253842, 0.028516060992059333, -0.05196714101021907, 0.040822516765938704, 0.013191652427958986, -0.08726369283774449, -0.04491875960855492, 0.0442230105975954]
[0.05667412801186697, -0.023306885864437937, 0.029674576299361627, 0.050653653912978436, 0.02471966534008445, -0.09335285679341139, -0.05908878516287772, -0.030257798613504555, 0.05498088144547, 0.06522555230591595, -0.028552989021303682, -0.05576875195319542, 0.05726054523236268, 0.0284491605182772, -0.023371524387082163, 0.04258403648063902]
[0.006121601757758846, -0.06728025001451221, -0.08048657299174833, 0.07414190641478868, -0.08521393404843432, -0.09931074358312136, -0.04670181896798975, -0.009215127935209247, -0.0598951279565521, -0.06419696760945344, -0.06955387126628348, 0.002485903534947778, -0.029976305491623695, -0.0036379069878389875, -0.03385473882154964, -0.0867095798132991]
[-0.05964609640301495, -0.06403992718306492, 0.08919763349068904, -0.013143693180156804, -0.016182708492986753, 0.0018845019305933491, -0.08005137472522353, 0.07977763354584053, 0.09604356184148732, -0.031213069933357887, 0.04649884333246007, 0.01961366527671722, -0.07199946355860187, 0.08886856046291655, -0.019780617289743785, -0.09517617730849848]
[-0.005213132596045916, 0.016944426451162536, -0.008649430930265559, -0.015104549479525373, 0.09844476300563429, 0.08858009046052698, 0.05311681307353322, 0.04419204063329715, -0.06936720660569118, 0.03869630049640288, 0.026251917336240604, -0.07704652155322633, 0.07139683050421869, -0.025953282375300396, -0.0078059753261422865, -0.05274772983099927]
[0.0013451267484524687, -0.08999812371781515, 0.008344782383923027, 0.014092955172314306, 0.038896010722019425, -0.059761153863197164, 0.05639146313628929, -0.0911396918553895, -0.06393911164976368, -0.09808493416388012, 0.04828792643565258, -0.008335087808812161, 0.054551169822624535, -0.09078976318952461, -0.03540604295119594, 0.017470951956907094]
[-0.05549158448261169, -0.062476531356521384, 0.06988597535681149, 0.034245977679836365, -0.04760692334020469, 0.0040954851159004935, -0.011315122662735447, 0.06401622368927415, 0.01941974084893061, 0.07864306713193434, -0.019232216417464615, -0.052031274315681976, -0.019151163688640477, 0.0062609645715371726, 0.056582375504488386, -0.07383589089048036]
[0.09544078579720239, 0.07044915088570203, 0.028392862769064886, -0.05877521536676431, -0.0014490533570312436, -0.024022640805947112, 0.099225479443634, -0.0843913925357591, -0.04019160470172605, -0.0031716958719598676, 0.07175142527952788, -0.06766822046843532, 0.002372687250147318, 0.042348370280343745, 0.06608812295318464, 0.0033728054575241223]
[-0.06557710569331021, -0.060283552760053066, 0.049078712634650634, 0.025888398487393688, 0.08266944051297251, -0.08192367089204333, -0.008929236934048929, 0.053440135338796435, 0.04452114790850864, -0.04500681930805961, 0.03447945988792439, 0.07667570765805831, -0.05335978728371123, -0.06303450124989238, -0.07600797821708255, -0.006797587647955322]
[0.09262292473245529, -0.005002567595263657, 0.009174689900980054, 0.09633086894778545, 0.055926629558439606, 0.08896405783288808, -0.020794929843956256, -0.0029426648091200602, 0.06998109071293895, -0.05868319067445021, 0.049807362168674374, 0.028917552093618154, 0.058533740766384484, -0.08936318144335138, -0.013927197079536519, -0.04220969048033488]
[-0.061316226998547066, 0.09581312474447021, -0.04037355259043614, -0.019365628433954285, -0.07920907652779324, 0.007653832900884769, 0.062212913026682165, -0.07274986236371567, -0.07274015592478439, 0.07311981496530526, -0.016813488799096984, -0.02836041002851275, 0.0070603534018953, 0.06787695779004471, 0.08822192337234255, -0.0522088374568708]
[-0.011818371789449084, 0.06555983489143, 0.08410971122220837, -0.011617123175108907, 0.012026959961361869, -0.026640761073359595, 0.056477420997127686, -0.017725820054336386, 0.03373089760489267, -0.05255443899323151, -0.022225729341301667, -0.02214375082168704, -0.023653314689666513, 0.022101300577278438, 0.020571087564243862, 0.0011748377977093272]
[0.02966247542183087, -0.030003003721212854, -0.017491666229900657, 0.08892356273563282, -0.07968289492734629, 0.019250344239766348, -0.0698390438607694, -0.03539695012474413, 0.09438901831015867, -0.0909129287210667, -0.0322252540346749, -0.014663551925823096, -0.0363500078006368, 0.008673451522404091, -0.04760598127300256, 0.07845964972283012]
[-0.09141536841978855, -0.03557260447186761, -0.03297192733247034, -0.08600258731134032, 0.024726579320435677, -0.01794524792184786, 0.020565147499864794, -0.005505237729178547, 0.09229905170683689, 0.09324271100961729, -0.017254519200226137, -0.07180028943622126, -0.003835100629853705, 0.037708066480660135, 0.053424268266702685, 0.009457241447565906]
[0.07126169327177406, -0.0515288251039717, 0.09868308521453864, 0.04420472506211107, -0.005219413157853861, -0.09080807531806123, 0.08346956800673908, 0.05416733333507956, 0.09169035951843435, 0.03580486996050625, 0.003080547458603533, 0.09691739533702662, -0.06206844317356444, 0.08154023131155946, 0.06841959665628147, 0.030342542094322078]
[-0.09858336468473561, -0.03166709294325305, 0.05146218795737437, 0.031066344027374737, -0.004176691520778236, -0.07512322672143311, 0.060203830355832516, -0.08280588796826074, -0.03940466442824067, -0.05094583937095019, 0.03544691439467046, 0.014623127161183441, 0.09241340781524954, 0.000528032333564285, 0.019849795393833886, -0.08873309791708128]
[-0.06193829876825126, 0.00034957767039527077, 0.06125083071857054, -0.09242309297320382, -0.06547237949896728, 0.07002280642636119, -0.06849004272256842, -0.08648016633262386, -0.00048531446429085634, -0.030806797273517192, 0.08124741412437639, 0.07215614476749929, 0.09229756499831884, 0.06867404147095241, 0.00879623901010411, 0.07612717386969789]
[-0.02034709888277479, -0.06431429745886921, 0.044593631748553075, -0.08391564061917521, 0.06738624964538478, 0.06497145274155589, -0.049248102772759574, -0.09050140756091302, -0.01748101537369484, -0.0939407096083595, -0.0972841512985913, 0.06570553793130643, 0.008606577930970374, 0.045257363080862145, -0.03131222842307475, -0.011680564177464284]
[0.09199686761033907, 0.07114384696661144, 0.03583638651342366, -0.008737904804099486, -0.0016902028894073273, -0.09089206303322578, -0.06442315415578799, 0.01513371178351959, -0.06289680392778402, 0.036412093862552064, -0.08157818761224865, 0.0546316961244559, -0.039194853598755165, -0.03181158176055916, -0.031678953059961185, 0.020205635604194458]
[-0.04120856508085849, -0.016328796006138083, 0.05606796441241424, -0.09491790212742611, -0.03663802980073309, -0.011368276341126735, 0.06740216191833362, 0.052200772868713025, 0.08368752826142764, 0.003298379158418796, 0.08978892495291979, -0.09181684916527429, -0.02993290974971921, -0.00787252696629101, 0.04656199807971098, -0.029094638552094362]
[-0.08032082956878805, -0.04445400122778958, -0.02462672829854748, 0.031773192856383914, 0.04762543059880331, 0.040389274596354996, 0.02390726841098205, -0.022841229091942014, -0.0477460360309731, -0.05222181830725974, 0.028313408855565048, -6.825977768096236e-05, 0.0407104845331864, 0.004183051856381431, 0.015143901862259043, -0.011741988851154225]
[0.07643270287012857, -0.055188513383392125, -0.059015711298044504, 0.06976904557537275, 0.03941981896413388, -0.06846027201614718, -0.08756339520052664, -0.012029723541159873, -0.06338359381925299, -0.015918783819919596, -0.04969204701600949, 0.024469880642794012, 0.02585282193191396, -0.09718485539398974, 0.020600547711503964, 0.021578404045962493]
[-0.0014262941822420494, 1.988005344182031e-05, -0.03451204551217717, -0.07630825478088919, -0.047177507446602346, 0.023522251060699023, -0.06646301926763054, -0.06861800497080883, 0.0009141051766077268, 0.014316510041559913, -0.09249600855470655, -0.08808420819403791, 0.01971364313426431, 0.0903601938921782, -0.022970816763641433, 0.048563359437045456]
[-0.03756369928832002, 0.05699030312896691, 0.09087197090813298, -0.011183588217627036, 0.07518632354941948, -0.0040877151478501406, 0.08068488510790281, -0.06149867876004529, -0.06253905388148781, -0.023168596582375994, 0.003422885942748602, -0.004269643738617851, -0.026092904018011745, 0.04721169750257975, -0.019552426123979408, -0.053747886295877324]
[0.030400153412677433, 0.01582442999771752, 0.09007950288257885, 0.06213839726990375, -0.04645066587688434, 0.009036152400726416, -0.07825400912527375, 0.05193198468383517, -0.01659440153531193, 0.025606343239781226, -0.03787431317513153, 0.09158175336299182, 0.048852511743956106, -0.045183505745381464, -0.08935718356039024, -0.06589647900318205]
[-0.03177613183861737, 0.08026195708452152, 0.04611882448667953, 0.016189420337364785, -0.0894553202136607, 0.08268113442353661, -0.08491286973944781, 0.04995843798232294, -0.024431092182590874, -0.0017303251288685317, 0.01941796344472975, 0.08686077795171299, -0.044601337469334014, 0.06307870675078647, 0.08578796050775403, 0.09582484797407506]
[0.004229360461215179, -0.0708001053450652, 0.08663741179762469, 0.09967361931374272, 0.08382852813979258, -0.02174865153823982, -0.023432794526328543, 0.028932103708071977, -0.01928305961580598, 0.02465652613404319, -0.024852902955617526, 0.08717066442909, 0.024433694644048404, -0.026408622498408474, 0.051905600586383355, -0.07634885576006423]
[0.03322314170266544, -0.0056216507383667624, 0.0856649630828632, -0.046474779786797954, 0.05277392104773454, 0.06453713609182501, -0.04245349443218991, -0.015587392929321847, 0.09520936315532713, -0.0446469175290956, 0.09682011771775681, 0.01638602752810396, -0.009261971816644676, -0.022257752006203682, -0.01641514543944242, -0.09803787761279077]
[0.08434603964805662, -0.040683922502347585, 0.010946185884120635, -0.028171758563422314, -0.042836252115328516, 0.08705396143647084, -0.04808718807774477, -0.07349447570649835, -0.08689576487255837, 0.04638002037685651, 0.004860225356683956, -0.03477860669832211, 0.07476202585829556, 0.07319498369698108, -0.055151783684353944, 0.0008472189674566949]
[0.06308445428465848, 0.09610005665359769, -0.01717966570286529, -0.02576823579428944, -0.0944927752828334, -0.060662156949327306, -0.0058996658849394396, 0.09110552205690073, 0.06513349544903216, 0.0023253883142430737, -0.032214845116640564, -0.0494880134528301, -0.008994825351750252, -0.010207752486830882, 0.06158234564879411, -0.03327409383708124]
[-0.06380518893744291, -0.09914459056597894, -0.045524456205493995, -0.023440931936003412, 0.032261264445827, 0.09216266598209821, 0.01362025725697058, 0.024119328341629914, -0.010709802279239372, -0.03781529954298473, 0.08646751513363013, -0.0999782690217991, -0.000813215807934517, 0.05007995187783995, 0.05149769395328524, 0.012298410901066759]
[-0.04522289762965, 0.0013727167240232124, -0.08643008904676053, -0.04828490971263169, 0.060759800531088176, -0.0225667177989185, -0.04321222116069334, -0.08159620174166977, -0.02358010584923398, 0.044691967716389114, 0.05467048390937543, 0.010479865005016992, -0.006222661338986815, 0.0041364537100028465, 0.08837038372002815, 0.0339839385780388]
[0.06788266576377541, -0.06713153610249889, -0.05294762401358251, 0.026255859927125674, -0.08249530975489479, -0.05558669909402241, 0.02214395045486206, 0.03134234430054056, 0.010561587462030106, -0.08964399011783541, 0.01190341582303911, -0.045316313913877054, -0.06759389594767712, -0.05172501816736961, 0.08911758043465814, -0.04127416447334811]
[0.09275767918579775, -0.0003611964346193347, 0.07240954737319916, -0.0921802944473305, -0.05040197479087625, 0.0017743650396758043, 0.07397087486425491, -0.04366300719032228, 0.023928925510188243, 0.026474783647345318, -0.045982266857177906, 0.09070759718954968, 0.02777741433897346, 0.052189825582337285, 0.010835523679006726, 0.016060301030837304]
[0.09790381457469, 0.0758650479215347, 0.009868301823130365, 0.011151598573370641, 0.0496519895354503, 0.060293310758380986, -0.05156492627226288, -0.031583424123812695, -0.09933675052024718, -0.09796540904424555, 0.07952700052578951, -0.04536903837891271, 0.004908825350703444, -0.0010573445336660159, 0.09222953136263126, 0.011695123270509478]
[0.08534284626091782, -0.08223627495671533, 0.00921052241967002, -0.06496548475010153, 0.0413628436727326, -0.01710417196886263, -0.06477454054196077, 0.021471840501458367, -0.013874049588793652, -0.04380879861450391, -0.04862847178501413, 0.009775679009177224, -0.015432698026165509, -0.023742916496701752, -0.007661627970941359, 0.025553110743684243]
[0.011510198880163997, -0.08061288547976878, -0.05305035546946915, -0.021660476263628187, -0.06335434550520641, 0.05982206301770229, -0.0628446500783803, 0.037336120324249905, 0.03369622733571301, 0.07968795792546232, 0.006341855123112139, 0.08560513989116228, 0.06546682470798046, -0.02253286156671923, -0.0407272704012929, -0.04434743134630741]
[0.062944411850645, 0.0623341474237378, 0.008807362449077177, 0.02914494180632965, -0.04059129296637898, -0.07247531664841862, 0.014918958285212142, -0.0842126733981171, 0.08427686883930305, -0.08983036909689633, 0.0054081287600641625, -0.09736292895735255, -0.014292222046211833, 0.08412170310100614, -0.015555821823890176, 0.046952356279962054]
[-0.06715660407924247, 0.050988044421241024, -0.055001835934658155, 0.039236559961995016, 0.014737260758103624, 0.05169219328790833, 0.08416912020280906, 0.021370645873683564, 0.053272051304150914, 0.014115750086087855, 0.04787465789045017, -0.09733819116704684, 0.08679954892604544, -0.07044366739273887, -0.09214678277146192, 0.015223039008343792]
[-0.060571277408599314, -0.07902969381070289, -0.08664411525967253, -0.008218120661891537, -0.039834213045222305, -0.09013994474469239, 0.05609968319459427, 0.09399071603864148, 0.03176115395838916, -0.08110629836637438, -0.03470232576080194, 0.01862832100366274, 0.0022389775465142953, -0.06310799551602304, 0.010630539729026764, 0.09125468741957174]
[-0.001973759480009357, -0.07728140033199223, -0.08684587014505754, 0.08231178677564258, 0.04931209378232773, 0.07807206106855383, -0.09501038062566612, 0.04495526872744651, 0.09213141225289376, 0.07910167899347484, -0.06430839230816313, 0.033599579453244655, -0.03079362636339429, 0.06972258244552368, 0.020255932514169614, -0.08101810102452729]
[-0.04994259068953708, 0.09060116326988149, -0.0032785819345018535, 0.04155304428890011, 0.0001622693423439514, -0.058022379502323695, 0.0498459532174344, 0.0331371128114511, 0.03050379929092592, -0.08238222464325518, 0.02211306960908095, 0.012475528122066454, -0.0111010740950271, 0.002892349603017902, -0.0015169980655435483, -0.08932918852931498]
[-0.04341424475677742, -0.08082805992821113, 0.03596444488392245, -0.06107669235409601, 0.0630421668371256, 0.08333659702115512, 0.09542844147963978, 0.03811700935735801, -0.07481922546021076, 0.023005226808745532, -0.013581835017025326, -0.024061642590153462, -0.058919031188392014, 0.04144311886413593, -0.05299421291404116, -0.040618873054157706]
[0.004822079134003343, 0.06846474300336755, -0.04703357089860225, 0.08059265400331952, -0.03179903057236799, -0.0690869602458955, -0.04819646887116056, 0.05774080025938086, -0.0689249286387883, 0.05202606947975569, -0.025967062489269485, 0.04855160900132088, -0.05771888262235861, 0.005136661003377313, -0.022663406086073243, 0.022760844263793878]
[0.06998805072527908, -0.02881111081095873, 0.09939860123657027, 0.02208679428569975, 0.0704725690174082, 0.05087733679434245, -0.0827255587739682, -0.007797512363617545, 0.034399090387940534, 0.0840919103786453, 0.06055699782539459, -0.08413658612999585, -0.008747161113054958, -0.02827959989477398, 0.0003029022788975516, -0.06422073233797716]
[0.01323176438815507, 0.033645905189963354, -0.03814652076485119, 0.045814435692906275, 0.0858049812976722, 0.08408035302692674, 0.05555514820772192, -0.031876726147680556, -0.019432313461767298, -0.07760134610870924, 0.07435209569066778, -0.05481223239617594, -0.04280875984625576, -0.03255846889259331, 0.09742363964406503, 0.05372498254125632]
[0.07894599647136488, 0.011616626176365857, -0.030138285903954176, -0.09436371024558193, -0.035495386327778225, 0.034910466254253814, 0.03723200023337453, -0.027566102996899197, 0.04331749723609385, 0.03610407157052928, -0.038659967054109436, 0.061458140883961926, -0.022617880177366406, -0.008752133492981054, -0.08902865314101893, -0.048458301861303114]
[-0.03956556366893585, 0.0431130532183544, -0.04714088705613573, -0.08002716431770346, 0.02711823553112286, 0.017682307121492588, -0.08490105425390167, -0.08568066187882024, -0.08000095863588073, -0.06748429318683202, -0.0616377115665491, -0.005013379902396878, -0.050097314081813796, 0.016257850682992375, -0.029806224153638233, 0.08113685508359117]
[-0.0043904305528499055, -0.06893334116265329, -0.007449435068581686, -0.07894390864822759, -0.010825600020467507, 0.01680610521517492, 0.005410942730042473, -0.08340190137916687, 0.05741306190239456, 0.044249578718851434, 0.02359680663848711, 0.0017476671234222252, -0.05999379425532619, 0.030226646423903658, -0.03762733999051922, -0.009113068852227929]
[0.0827802187742048, 0.08583548374962233, -0.0551422976129806, -0.06654002136589174, -0.05763361717569063, 0.0878590822497442, 0.04620124492128855, -0.057510179624101945, -0.09705437527220702, -0.0461172922095712, 0.0030709476483458814, -0.009462802667995818, 0.07105305511527024, -0.07927856008554107, 0.09733600050652805, 0.09621635143542626]
[0.04315175489603057, 0.0326075406648586, 0.04327002348047668, 0.04655311287550337, 0.033951215617837815, -0.08069605562229235, -0.0946566132837568, -0.015961013667806556, -0.09165117473562963, -0.019501492551400795, -0.0949772664103009, -1.7928424931937248e-05, 0.009946133804128648, 0.02894725222618974, -0.024860360083291316, -0.05960697574029255]
[0.008957558580451802, 0.03681973745039588, -0.0869820077481503, 0.06104118072755477, 0.008620640142601554, -0.006885192984661809, 0.0192089414758303, -0.02913946856221865, 0.02149433389449988, 0.04544889556339152, -0.05244705955202869, 0.029114468726345127, 0.055721516178437486, 0.06651361533871825, -0.007158705030278156, 0.09008724809590507]
[-0.08293922234053429, -0.004417932775183278, -0.040655974499513664, 0.044273865647436045, -0.07587198657368577, -0.016052953127711184, -0.09771765019454857, 0.0002224673738611821, 0.07346822217525717, 0.01415944800924196, 0.06649845452510417, -0.059133133632562875, -0.033662910745409017, 0.08370927400879874, 0.059062931143757214, -0.01868485094062826]
[0.02469683501847797, -0.09308146489430731, -0.09929227193105489, 0.016647505275628, -0.025621654330567248, -0.012932646394338304, -0.09551720999213494, 0.004689355914053089, 0.07671714032587548, -0.053749773601669416, -0.027880369439520103, 0.03989246283407202, 0.04336512234928755, 0.0006680909804408774, -0.07116327753108187, -0.000861866577662046]
[0.08667347375342327, 0.010503331347715375, -0.04129092110658679, -0.09697421428379811, -0.0764118479289112, 0.007737009518769433, 0.07319996344011537, 0.0682103031530307, -0.07798148941323475, 0.023559176640980534, 0.029468904138205104, 0.008541900127575303, -0.09508687438718218, 0.0043548900657182366, -0.015288580319127679, 0.008214268065315666]
[-0.09122946645501427, 0.0888489438400295, 0.09225503437216265, -0.08716016144636825, -0.06936157939109935, 0.0396684186218538, -0.07112678258937875, -0.06722428596004235, 0.020216681805113795, -0.013690997463328108, 0.07731422766599647, 0.016579205715850517, 0.09734344832219805, 0.07354761258695508, -0.05571416001999163, -0.00850594118914369]
[0.01245740764371664, -0.029016977624816143, -0.044370401936428897, -0.018338540621707283, -0.08647040842991037, 0.07694652880315309, 0.020326512152389314, -0.04348482356732435, -0.04935186666943525, 0.062304738575662405, 0.06800531266032658, -0.007834686431647891, 0.08567165160284809, 0.0075006256438665125, -0.07205551733363723, -0.020178128226100323]
[0.06534223291377128, -0.09106017614905637, -0.0960696016757431, 0.007918733633304115, -0.04697216377704619, 0.03027211997904028, -0.02000075294972843, -0.09739794069258308, -0.05789197076747894, 0.09200843617276175, 0.007736722761005982, 0.0038329815136401574, 0.04709182648674948, -0.013554298314286187, 0.010973437225364147, 0.07937688144611685]
[0.022822497237358005, -0.06163486135210172, 0.020920864833762473, 0.0743108700494699, -0.07102479597006257, -0.08366745598982202, -0.024262028467281024, -0.006445372328007043, -0.027210411134259302, -0.0326149849485238, 0.0935556337084208, -0.04834549054291529, 0.08260259819502633, -0.06869006359001684, -0.004117387147070689, -0.016531484386618195]
[-0.09187814582704637, -0.09277116591307162, 0.02961997575136724, -0.09031744609898232, 0.06704239554015134, 0.020120787343678212, -0.09861975052884762, 0.07747465681053889, 0.023653483329977895, -0.02638701109273721, 0.05384417878569059, 0.06147315982384857, 0.06135593291247718, -0.05948242377837132, 0.01851983964161659, -0.018423546656448853]
[-0.000885750823121173, -0.061937451178752136, 0.08947411693094931, 0.05853807072767858, 0.02937215746754862, -0.0011617779882483192, 0.06567010925292735, 0.08533976184544736, 0.07124037817037907, 0.04166062631348866, 0.08472918346673261, -0.049877378546338225, 0.051171982198793986, -5.654361436775723e-05, 0.024359781629938654, 0.06049590430409821]
[0.07765736149532618, 0.008410585622948538, 0.00685747065915035, -0.06379223058841504, 0.03850754838313447, 0.04611261475367229, 0.04981479672936423, -0.0014324222408585302, -0.007407185560693197, -0.014899667614829123, -0.07509761458967086, -0.09223263676184433, 0.009578201369435727, 0.029814412115553246, 0.06511081267166871, -0.04680692288547115]
[-0.052170490236748496, -0.07869187344237738, -0.018801052584698733, -0.002849544257044506, -0.003375788842840219, -0.055878831576414933, 0.08510595677158811, 0.0800674776696074, 0.07152190719950785, 0.03385374798921287, -0.09439089696504888, -0.0404705884340397, -0.011121995461836828, 0.056214000099242406, 0.0741142444539998, -0.010528261142047884]
[0.0414982360325149, -0.09039223771192118, -0.09022472440332295, 0.07894195656253764, 0.0668385515614297, -0.053398583231249, 0.0408519352319518, -0.00787346007719232, -0.08142322774791544, 0.0750518377045438, 0.017354605418225713, 0.015009019468612966, -0.0706488944416378, 0.07341095295448885, 0.05958421981950873, 0.004609296273004743]
[0.09634758474680166, 0.09117163102612269, -0.03062838430351865, 0.014529976840700315, -0.027826655054106114, 0.06990011423966208, 0.0906854129029196, 0.06276697737511786, 0.09312583563683657, 0.0728740940275251, 0.08083033632967682, -0.03440104792967842, 0.023597114710769015, 0.055813093195391156, 0.04942830318598898, -0.05423826865514558]
[0.07790647837464457, -0.039705289601816164, 0.06407567609340017, -0.03931213736524584, -0.09160422112638003, -0.003021691350287556, 0.07540571647341687, 0.0520686508135178, 0.09262281392790869, -0.007136411082958441, -0.07062123940989973, -0.04641496873060278, 0.0182385100198819, -0.050817262250905305, 0.09131969085526156, 0.03329381859352826]
[-0.028196194583952214, -0.07581154426096026, -0.04164991122596904, 0.04777597692207988, 0.033362106970042854, 0.09160163519229444, -0.05460022942716321, 0.004608722881633692, 0.006793684093314795, 0.0814669282058712, -0.03988563092311344, 0.0730140775316239, 0.027278655958715953, -0.024289392894451006, 0.015742739559647154, -0.046582075429967]
[-0.06844022366678922, -0.00663105670193645, -0.026091978079659725, 0.049270464758873644, 0.04070371838798398, -0.0977115687109988, 0.05959337591949898, 0.09967963320484466, -0.014319420311442732, -0.02054430523271962, -0.061989533263643586, 0.0886265863958087, -0.0761116931350897, -0.07935841448229153, -0.0810877783277685, 0.06928889754027343]
[0.09784900376785283, 0.0681539813899884, -0.06766255351582436, 0.010926089408642523, 0.0320462514945008, 0.08651986990108057, -0.0430072258074381, 0.05345233267123814, 0.042238525249797904, -0.08650922519771645, -0.016323889044240897, -0.02349110646697919, 0.08348468817105456, 0.08266154062708328, -0.02604972634728067, 0.01461600356990174]
[0.08352148027469511, -0.007741941634720265, 0.019992919335536444, 0.06934393498861571, -0.05090009879210189, -0.005730409351105886, 0.039591865161020284, -0.09469782649035813, 0.06043597426267208, 0.012930900993764066, -0.09969209225934275, -0.0729015571168348, 0.08762012679816433, 0.005452615320222051, 0.027788855395679934, 0.01408627629907755]
[-0.06232498633906452, 0.06655765872828495, 0.06096091521080482, 0.0635952239031223, -0.021614995606250575, -0.07015459766792197, -0.058039870224099156, 0.07321721656342547, 0.047256248806832324, -0.06522161229845398, 0.09682697212724803, -0.004327153189825322, -0.004059662632298136, -0.0799436325214613, 0.077082684051866, 0.09641064268652663]
[-0.07402674112348935, -0.0875585811671533, -0.0047593866131240975, -0.015831451838012045, -0.07778938431235588, 0.0070847641717488585, 0.023141846724757498, -0.09133747052383566, 0.0646053118612756, 0.0018941488187057542, 0.03545342332770282, 0.012864518050034149, -0.037770721930468154, 0.0962638365966289, -0.04919342619907219, 0.050244117230830665]
[0.028928697750435106, -0.03265008188986396, -0.03774926015428351, 0.05210085463309999, 0.05516238756993033, 0.09708326713021806, -0.06208193119238832, 0.0683577306335584, -0.030239639381910016, -0.09011634486136484, -0.09084404938728113, 0.08280879504457153, -0.0013752448621090763, 0.0890693106952345, 0.03292007264837016, -0.05611309124539983]
[-0.023369190512171747, 0.09833461170356686, 0.0245819959963179, -0.08898011856247959, -0.013660231159514605, 0.023874806299324522, -0.09408046345353814, 0.003699167948526358, -0.0419632999912716, 0.06105257842966694, -0.06152338561878632, -0.053608652715703635, -0.024450939212539935, 0.006547926148268851, -0.09109059011050505, -0.03414026808113038]
[0.07691985999659673, -0.09276126609463585, 0.0643624038763497, 0.04552999436577074, -0.029424119787291633, 0.029840928511737336, 0.0404081985472001, -0.08309351135412324, -0.04737717169203429, -0.06921038329546791, -0.04663276732633581, -0.09814762618492767, -0.06004324088099991, 0.008014192328549496, -0.051146164224252, -0.0815962731625773]
[-0.03017324394023635, -0.04628274066361302, 0.09125078148473323, -0.05715262138480606, 0.02567277844732202, -0.05238510412130511, 0.056867760539163814, -0.05231733924366125, 0.09635280808616037, 0.012789482215328413, 0.028834407797183936, 0.07233171713147249, -0.03670763465833314, 0.09266702821091036, 0.05004197222535625, -0.05162882784496419]
[-0.09133123365242748, -0.059196202898410925, -0.018909299181855355, 0.07658071512953593, -0.0754047046742826, -0.03878440199939648, -0.09811616020659777, 0.020304193123030598, -0.06643951008743743, 0.04668994723817077, 0.05330812473665095, 0.08750117501455351, 0.024054245478675476, -0.09166388667541131, -0.00026544209002239694, 0.08389254300836405]
[0.0964969420062648, 0.08606769887588417, -0.05369162417431215, -0.010091366587864803, 0.0734685714642773, -0.05356207885403115, 0.08454310123437697, -0.058265387681320904, -0.09817400433423212, 0.0970899428715479, -0.08050289144991662, 0.01094678035198593, -0.015766083152385105, 0.04856047443250039, -0.046609373534433556, -0.05541356390532007]
[0.06566074139640884, 0.07684432455562049, 0.08102731220014714, 0.03002695033785438, -0.06214130119967085, -0.041305228991558064, 0.06930945037918465, 0.008556787464195678, -0.042798768660921076, 0.0571369221988742, 0.00016746884612632573, 7.406871397060144e-05, -0.04930821544141211, 0.09443403549621718, 0.09702246832126596, 0.016750461905321548]
[-0.059680344210227124, -0.0033756977596210297, -0.041300116488573124, -0.07784155872363274, -0.07648883471279591, 0.012938406048835338, 0.09258937962405289, 0.04935269537597789, 0.020784392354139022, 0.0006634499812765426, 0.07433465663996117, -0.059829117601535226, 0.08167143626853843, -0.0814664312765609, 0.03754931143052104, 0.01077285508670009]
[0.058810749527375555, 0.01885453643480413, -0.06727976921632164, -0.02277163396065436, -0.08675910066142781, -0.0816810417246952, 0.014093677448787492, 0.07916435538690422, 0.010222315094448486, 0.05982273651423273, -0.05441136510491449, -0.04372930359426633, 0.04945948726263971, -0.03535492005221075, -0.08067088751653927, 0.06537472782587381]
[-0.09598430515591035, 0.06815990519387391, 0.04200378333366267, -0.05055321690686146, 0.004192346842518985, 0.07958663986077236, -0.034307005075288985, -0.026465926947917037, 0.023710310089004885, -0.05557986329441127, 0.008988430119296134, -0.015087092693474857, -0.0329893744667613, -0.01667742079751429, -0.012122053368559718, 0.06836706526892797]
[-0.07584464108484029, -0.03078691320506355, 0.04158446060628693, -0.021754280074256616, -0.05304423089068533, -0.027326353056097236, 0.09821441656277172, -0.014788334148351831, -0.04969764811661242, -0.06723114942920999, -0.08461411426885497, 0.07490194308116124, -0.07069195033272158, 0.06767105790522479, 0.04349471596023238, -0.06300793993469078]
[-0.09523179223271681, -0.0711739140157131, -0.0710282036762874, -0.08894691218080966, 0.025769725732575022, 0.0178978269126306, -0.09829756195333197, 0.043758004793004485, 0.06070320554170866, -0.0884229857239518, 0.0549988627308485, -0.02495055671739488, -0.0018826586054779132, 0.09814253989500257, 0.04321361245203159, -0.03869213837735226]
[0.09347809170729018, 0.06221850075729707, -0.06684572962797125, -0.01800460994862567, -0.049186951161933105, -0.030252560236358625, 0.03397612003917386, -0.03658376145016011, 0.020716004132479204, -0.06481000028943082, -0.004284708759401928, -0.05449744334677242, -0.09276923576443669, 0.07810508154109269, -0.05701002696452713, -0.06526205526356121]
[0.07993186960915286, -0.014196751063490456, 0.008228004629933852, -0.012661524402553331, -0.07049920366278256, -0.018165184415990437, 0.027160633652706684, 0.093664850005763, -0.09477223426036624, -0.04852290345393855, 0.08257294458590111, -0.024758555007996202, 0.06356026051621719, 0.09474077159988506, -0.042174426159246096, -0.003201081289353702]
[0.021128772692832976, 0.05315816263629031, 0.06001063450796551, 0.01783066567086164, 0.06241920827777667, -0.05713915219365034, 0.008930191906056956, 0.047116443458022544, 0.02107552123764242, -0.009512836432853652, -0.08878850645779923, 0.020496365905756028, -0.013739055666367572, 0.036612817823339805, 0.008432725327491217, -0.048347309212182735]
[0.03383575274023068, -0.06289926226091211, 0.011250495686022294, 0.08697185453607434, -0.04528918685088384, 0.015555816377960482, -0.026581518260072295, -0.0708060356519271, -0.042313353741915874, 0.018756867053841123, 0.042643210738861625, 0.03770605328706833, -0.05788217336964803, 0.020072100872984194, -0.03238332302764624, -0.09588093120721107]
[-0.06506691306056622, -0.008473809160509507, 0.0647195656101027, 0.0220539219246237, 0.0116077852099324, 0.07433419333251567, 0.09404149353008162, 0.06911449313483528, 0.03273558312284158, 0.09594697536319163, 0.01590529803208776, -0.06727033561563342, 0.02972129316562422, -0.07385841047683411, 0.030600347341491196, -0.03488237738587234]
[0.06661510794753658, 0.07372563214139902, 0.08236095025352808, 0.09093369686357072, 0.026298717666405458, 0.04588895190985215, 0.06429335727258798, -0.03827321069570127, 0.04353927445741251, -0.044365928424274316, -0.00019541300171636855, -0.07460450597162993, -0.037160586240361296, 0.033597736156055324, -0.004676847299617343, -0.03818995525669118]
[0.038787059072388275, 0.046862777235649966, -0.09001255424258586, -0.08908178700511896, -0.02911478103378505, 0.02579308947322284, 0.09684766359505068, -0.007861413281748345, -0.0031811199732133116, 0.07968430629686546, 0.09974543857736493, -0.05109659624938445, -0.0760302211918633, 0.05401798420141113, 0.019649582103813595, 0.009900687492451321]
[0.026414932097673316, 0.042345028566409815, -0.0581649794782646, -0.06996321474096484, -0.08423866844356134, -0.04188400313106309, -0.09273947886472887, 0.04942983286837624, -0.09014529240428629, -0.07746583226804267, 0.05821724758991925, -0.029473749290072626, 0.0353357987167065, -0.06923308939458582, -0.005410943119653441, 0.051085708818226716]
[0.0411799496189707, 0.004547157044407918, -0.07310545704065233, -0.07371514241306257, 0.0551883039349515, -0.009516734849192132, -0.03916965828713679, 0.08466290666792842, -0.058578459224172645, 0.0753975901851541, -0.07475076876985304, 0.018974944780850517, 0.09955862981477356, -0.02223401376841283, 0.0014714506017277917, 0.0296556948073729]
[0.0014514602514110742, -0.04239418146820095, 0.09265383727906648, -0.06853432511932855, -0.011630223018154265, 0.05200238070623217, 0.03413396276829905, 0.09927309937795531, -0.08919481918524935, -0.009307688723234467, 0.050260652413560675, 0.03231051310232652, -0.008736081366675183, 0.016415066175886867, -0.012518838485027176, 0.0812862803760574]
[-0.09918280282985553, 0.030085468554560485, -0.05603192749812283, 0.07291145851007902, 0.013293937566260891, 0.0989201405193185, 0.09744764500691408, -0.09658517485633054, -0.09043612557629391, -0.03915860991437708, 0.06335205551415271, -0.0985436923332934, 0.03737943268666, -0.017741939625159048, -0.01209135657532752, 0.0613584188846136]
[0.06831803926175914, 0.012520960422240199, -0.033632135064568996, -0.08297628543380822, 0.05878013797712198, -0.025725513063378544, -0.021590352174743116, 0.0999203395226961, 0.018413178167187794, 0.047114046673461224, -0.04100078411052928, 0.023579461214238887, -0.047234671483625035, -0.018566617441546376, -0.0659741387642709, -0.020663371977366535]
[0.052797186326641155, 0.043321586669173046, -0.06349459350459435, -0.009225523492916027, 0.020717277555756405, -0.08512022532344793, -0.07079047448121097, 0.04137403484297281, 0.06894245587579503, 0.08182581619848422, 0.01866282982055692, -0.004080015169152171, -0.05367484129275009, 0.058695943500327225, -0.008410781719234567, -0.04366335067234659]
[-0.0677205629497026, 0.059166210530021995, 0.0033659853507765902, 0.01740033146468674, -0.0679701168310585, 0.06592447942142834, 0.04588312343010839, -0.05214420675141154, -0.016156498721722576, 0.06295667319463619, 0.04395913636514301, -0.045332772372036305, 0.036850244846956814, -0.07149504075698142, 0.061028856815116245, 0.031825663675259575]
[-0.03691240576811426, -0.02641483958357259, -0.0915284786304511, -0.09200509888547677, -0.0574480051840772, -0.01646884607859958, 0.056238340502030915, -0.05061618550024514, -0.06135888367037601, -0.06798829878923614, 0.024568935258005603, -0.05734074065891155, -0.0886026835784183, -0.08203957915754273, 0.041172373544778734, 0.09452879874191131]
[-0.043906176122146756, 0.04177158647245138, -0.03752572740839162, -0.08910054722793814, -0.0567616091772144, 0.07652081221333726, -0.04704126256495225, -0.09771466525081066, 0.0357826335667108, -0.006456391266480413, 0.02215198125149402, 0.08398742368450332, 0.009895776748381227, -0.07825933182435135, 0.06386865631515717, 0.05402326370335442]
[0.013768839875122701, -0.008446983658564597, -0.03648159686927528, -0.058293092268057636, 0.0029147132839636852, -0.02305909915458984, -0.047556014595245055, 0.01201169646046052, -0.05071833133536685, -0.02743354087318109, 0.09807847712816278, -0.009925489442032531, -0.06555183915451798, -0.02115937275731475, 0.08783771299792886, 0.09752194801901565]
[-0.0484018180126127, 0.09772304255858896, -0.037272435067527754, -0.00577076156609499, 0.04726607184470327, -0.07718500252481152, -0.09838267681123736, 0.09291083203660463, -0.09906087697423167, 0.042191567609102365, 0.03045216083250868, -0.08252565806851453, 0.06191508337469878, 0.022012083007907773, -0.004088942580689106, -0.06166153789861233]
[-0.07836824657957137, 0.0675125830184034, -0.06841405145691233, -0.08481679328500501, -0.04476757735627732, -0.01217978956639898, 0.015513333273789426, -0.022244854638734046, -0.08868476117117537, 0.09103670527127575, 0.011327772338810077, 0.043934365531490716, 0.04059813915661187, 0.04700901604501734, 0.09375593451325492, 0.062405676226668566]
[-0.0398626766232461, 0.08416348630832735, 0.07035381418556538, 0.08009577782303359, -0.029303257744942163, 0.007992432624128964, -0.007376708055172987, 0.01872203442975777, -0.01564615787506289, -0.04505730433935269, -0.020707219442008235, 0.0036107293761906967, -0.08498812472380053, 0.027807505739994687, -0.06308360757811882, 0.07325520053861806]
[0.0032884487030242215, 0.043531295340962756, -0.08375332424465816, 0.003262254526828781, 0.09965154474090471, 0.06759871336252535, -0.0506291651417969, 0.009686073283662291, 0.08663968139808395, 0.014022787831905609, -0.042214841362909386, 0.022504203058532915, -0.04714474642680442, -0.06836991974533668, -0.07270188684211694, 0.06287067212753994]
[0.006634662793389284, 0.06334414267206809, -0.09822267893968539, -0.0335378945387957, 0.04317876090117426, -0.05636577937713614, 0.05997116878464509, 0.0017716053463080889, 0.06752256956214633, -0.07759122308092087, 0.02537380785041679, 0.02799125530436536, -0.09257487272337502, -0.0772996233534872, -0.046230443158793794, 0.0937635141024504]
[-0.07139843858603712, -0.02163552002481231, -0.020639425041828183, -0.012094040909092496, 0.0025333533068048475, 0.04203376432169348, -0.09009245200689027, 0.03862671395410938, -0.04628897404101145, -0.04846511481694465, 0.03932681303392502, -0.007103229596695293, 0.06323084981756155, -0.000539482153072271, 0.0607691053264767, 0.08002478095547769]
[-0.07195743036896585, 0.026228734705857126, 0.004559616505859704, 0.026276120663626557, 0.07605223997101065, -0.05398492465413714, -0.03981883900077017, 0.032124708845579886, 0.001263598954330994, -0.07285503651130605, 0.06313798902468123, -0.09078542194266362, 0.01380630655185644, -0.04284663689702535, 0.030899129350558385, 0.045085090156149976]
[0.07396212200266433, -0.030975898756454498, -0.07346291171706561, -0.006294095725327978, -0.043522305998149595, 0.08930211475064093, 0.08679190507000528, 0.02827103166037631, 0.02322297152241777, -0.08728819198245093, 0.02873446854614614, 0.07789095152439593, -0.08273263683066266, -0.010413405396251713, 0.06336028237062746, -0.03370333192657038]
[0.035972023973408096, -0.06310483544934278, 0.09514774204759241, 0.02009180732457745, 0.012135856164001521, -0.007383796241502177, 0.02562790474567636, -0.021387426632753503, 0.0775327008863497, -0.07332220522019757, -0.08119638636938578, -0.07855636083841917, 0.04089086266824765, -0.0860212801615335, -0.05606365460790246, 0.015682731914645504]
[-0.09382278238817338, -0.06389298213999957, -0.027420008790372055, -0.09778796751581464, -0.08538324158402877, -0.0022854716365985767, -0.06105714545660908, -0.028589172085011022, -0.08339545574480077, 0.004351293627544578, 0.026846999042732855, -0.07216299705568217, 0.015695301212230423, 0.02796302277521273, 0.06805054775552638, 0.06041561938571313]
[-0.04284033269801155, -0.005057042650425503, -0.04832018547532271, -0.044028834274875056, 0.09855676814024705, -0.01813993275491363, -0.03599160606556627, 0.02193657872383828, -0.08589179456698717, 0.012374063071633162, -0.0025662820954919507, -0.03334008880127566, -0.058001628368582095, -0.07280687856977322, -0.009562734366033915, 0.004926453939718217]
[-0.07524377673443235, -0.06311913748121797, -0.08241532299361574, -0.05457419516982964, -0.08581621893656051, 0.07783947448890813, -0.02813791495637155, -0.03743696032002049, 0.05036065573530657, 0.09833809078550823, 0.05018483538129512, -0.06997203167320427, -0.05826674352677619, -0.06778096702656385, -0.005336959055431606, -0.06753865998144218]
[-0.07248572546518633, -0.08104884306274535, -0.09533432660799307, 0.06186568779801152, 0.08761578284956462, 0.05613338050738528, -0.031344756487417344, -0.039821554316727514, 0.04803400671397723, -0.06494368099699854, 0.009178373740981474, 0.08859802301161199, -0.02073804570254767, 0.018346405869984414, 0.07452023192788712, 0.033406126786074714]
[0.027559932613896776, 0.07898216501785227, 0.09690428891061884, 0.08308207081914437, -0.09511382969586034, -0.030507863943158853, -0.011260396769395581, 0.05402675499927459, 0.0009685785115165491, -0.08438031972059257, 0.08337404416200289, 0.053642602331454015, -0.05679140384687227, -0.06133779476081809, 0.03759383630772348, 0.030805027467655927]
[-0.006022528777698488, -0.0897289036450182, 0.02062790583104776, -0.048888730645072376, -0.05806951613801856, 0.014199821231944049, 0.06177733505149971, -0.07271705458126031, -0.05909465793198019, -0.05231641297533429, -0.0979523885107142, -0.04484562071132925, 0.053462755491382324, 0.04957128719147261, 0.09131834582298867, 0.08230224703014835]
[-0.06506283616589344, -0.06378110325672944, -0.06264354566369149, -0.06226875296057315, 0.0961021410542365, -0.0887863029540132, 0.027618223652590562, 0.027118480834016884, 0.07547772118854679, -0.09955303282921833, -0.047455282549316885, 0.08074047089525979, -0.02821881403176174, 0.02874437388734788, 0.00390082291692824, 0.07201038411222146]
[0.04316773015652717, -0.01449556728029773, -0.08086877721022567, 0.0061485783278621975, 0.05896443694240802, -0.046136526946419815, -0.034956955421022756, 0.08396661888681622, -0.014942357244247265, 0.07639574051577255, -0.0034702291249272266, -0.030021668577023805, 0.037498252700457396, -0.024480696992105686, -0.043973888187423184, 0.03485953517462376]
[-0.06742814899435298, 0.016987903263148335, -0.04798183282069111, 0.015193445962891267, 0.0599082717072191, -0.058446133156038575, 0.06878913371875942, -0.04495462118275706, -0.08988034738339075, -0.04357153829317317, -0.05293639932490768, 0.0314013335473442, -0.09594094417655329, 0.015814725688683542, -0.07518379099755479, -0.07648374155047949]
[-0.07058144433810323, -0.09716493917030887, -0.017400005284984796, 0.03130033841194585, -0.08315184568145131, -0.02362375435873229, 0.09309869661828174, 0.08668868656113901, -0.028203795771959292, -0.030667457380003205, -0.07639511671940524, 0.08768591496876588, 0.023182609111209132, -0.01658043924277748, 0.0019060687235012697, -0.025543531564953398]
[0.017281196212103778, -0.02807519629096314, -0.021385369619413203, -0.040124475632891704, -0.0563544317597247, -0.004666734408689033, -0.07765756785965544, 0.026072596836464623, 0.04600959335376109, -0.03547034741468387, 0.004006707636782902, -0.06612226870543855, -0.008766938340961011, 0.061098174464216226, -0.08619517450632122, 0.09014933509771317]
[-0.09435552248230393, -0.001605562727560364, 0.010185905450784016, -0.016676505843389727, 0.09495717513282051, -0.006515918089255113, -0.09651692349957941, -0.08138613315659322, 0.004315067076259241, -0.07615109841135151, -0.08523446260054249, -0.0855221887137164, 0.09574637721345267, -0.02834504873626624, 0.0588805861794664, 0.01219201921704835]
[0.01790177359119008, 0.08114276269891715, 0.04272233762482841, 0.06942277343532105, -0.09663471305379204, 0.03788420315501631, -0.06910437367444695, -0.02916768976378066, 0.07244256710706179, -0.09520323157983863, -0.04776792189955481, 0.03723655879789173, -0.07848606108613831, -0.018040206249190713, 0.05292156150395522, 0.021064441400704487]
[-0.019301398475704473, -0.031638408849037264, 0.04328203917346593, -0.06327222076256808, -0.01129941415336469, -0.04219684901941441, -0.05896896949958295, 0.08388948041073938, -0.0027969964828098437, 0.07481885230305621, -0.08730142116223316, -0.03244838559003403, 0.0767301006244126, -0.09727710979311133, -0.05133105639759983, 0.0841456722362211]
[-0.0043654692315172605, 0.09018248653579636, 0.03298382984989495, 0.04020078757720996, 0.007957674307502008, 0.04596132959162974, 0.0627186385158583, -0.04109946345087896, 0.03237972893049981, 0.05461198199374265, 0.04359594561854724, 0.09683932110981136, 0.0711562854873232, 0.037769825864378825, -0.01607211298630469, -0.05272711718727288]
[-0.008880815393758998, 0.0018471508159505906, -0.039849354112460184, 0.05292892988338488, -0.03746303453659493, 0.08560950906150619, 0.08970284523116237, -0.003122984662156436, 0.031059011058081676, -0.06596022166384803, 0.08452519069469952, 0.03264824222870799, -0.09844343557043689, -0.057881662921831147, -0.0021220373022722006, -0.034512731664535265]
[0.08742101424374832, 0.018079830619299297, -0.02209976353001661, 0.05363397973314421, 0.02450015631567337, 0.04047358012389751, 0.0691972887490083, 0.005505928281363731, 0.0005887385860682687, 0.09591216909485911, -0.033364090479126654, 0.0913266478164296, 0.06633495477408649, 0.03430151295666159, 0.004892874842567757, -0.013540551740841858]
[0.01115839350203647, 0.010201268024501026, 0.05585854304302196, -0.058231135520139345, -0.004874054596612873, -0.07372389705388321, -0.086419444630068, -0.008238220785129188, -0.05383436959164663, -0.06467809371433095, 0.09587334036672365, 0.026067681618779065, 0.02653640446945721, -0.04157432206716993, 0.06418366857753735, -0.0934536305016301]
[0.03479478357412591, 0.09839504639879773, -0.020681788181841826, -0.03742272732352965, 0.05345260843866201, -0.07344646302760954, -0.0884145753693735, -0.029081836756821897, 0.06466217075475963, -0.018376672358582466, -0.06078506482001483, 0.09778804295049295, 0.016541681531529573, -0.025154939914861216, 0.09412814336068684, -0.00025947431063177984]
[-0.03630179102832168, -0.08518525143293461, -0.0998718272366558, 0.016677180950393028, -0.025299736544459384, -0.028135235423119354, 0.042732764655013245, -0.08681830701003897, -0.01116497555344989, -0.06695274061350703, -0.07895747387148089, -0.06489546292590105, -0.024550415309083265, 0.08373101893674634, 0.0019424708638701993, 0.036626739163342886]
[0.004932916077899557, -0.09582648278457287, -0.006384470032704148, -0.03582898454646424, 0.015474939591666709, -0.06495927394042192, -0.030434321732137712, 0.018708552323363742, -0.025203201292937252, -0.06687201179275287, -0.027146003723004783, -0.04125723847530001, -0.016901232065047386, 0.048562203586552666, -0.006751805727075982, 0.06426935455244073]
[-0.004015158040004033, -0.09947299839535116, -0.02788010045960676, 0.08799788029988229, 0.03476730524631216, 0.09832904982183407, -0.09309567531943397, -0.00437134661604284, 0.032099531627150873, -0.013727113704971108, -0.05982999565503786, 0.08557439764208508, 0.08035389773607962, 0.00241170523226282, -0.043715664615315425, 0.03832174003446559]
[0.02116726631515138, 0.08861208070072255, 0.025159881833151793, -0.05706330136000666, -0.09484364565430375, -0.03919812370663294, -0.018088529587744345, -0.08371665247152656, -0.050391347011662174, 0.06415565149679964, 0.04300634083733007, 0.025771964228877703, 0.061977859385319134, -0.06743627080551498, -0.04052641441755583, -0.04602381783772953]
[-0.04132156036715789, 0.09043416904527396, -0.030796269791071848, 0.028556536928650816, 0.04632584710412435, -0.09294395406925221, -0.02212768725058263, -0.08923596934600675, 0.04220579073382305, 0.005414179270399513, -0.00712507396053777, -0.05690266531512311, -0.08626731689597536, 0.039835597602197514, -0.012691090445924272, -0.01464614670983648]
[0.0743633623604773, -0.07229252878149162, -0.053978912824576765, 0.05378183578986345, -0.06408003117348299, 0.024038251211751696, 0.07944043313686008, -0.019435443287738274, -0.021145349465675728, 0.013321546215452895, 0.04688440508513597, 0.07634192906795895, -0.09967631024626816, -0.09506620885441355, -0.05057497927581185, 0.005494520758065974]
[-0.07868209589634503, -0.07848202754473561, -0.02355503864489035, -0.02318759510705852, -0.001965118485981382, 0.016056568490569023, -0.03315600947336009, 0.01058536024482834, -0.020157927184336427, -0.019336572834737525, -0.048719159182528164, -0.005429336692777426, 0.05990649386429636, -0.03273016503683848, -0.0656681205745025, -0.06623281574516723]
[0.08551994589042364, 0.014984965119051383, 0.06073214381349504, -0.06879544369900346, 0.01259623545440769, -0.020126342068907663, -0.03124131648641891, -0.025584126723308412, 0.06686352128344164, -0.09010083096683208, 0.015998732101501267, 0.09437696965726505, -0.08597363281846507, -0.002206363275509382, -0.022525343630677735, -0.00823410161976898]
[-0.006568597956995742, 0.06655496994417051, -0.007862452787461671, -0.0702200525119813, -0.018618989917933718, 0.05617366041817601, 0.08505266233913727, 0.04916450482795001, -0.031584154926657435, 0.09250742679875748, 0.09433295323781052, 0.05406110676487613, -0.08213478257610576, 0.08691770840381241, -0.040148626936061915, 0.06647599825444903]
[0.035716092405023214, -0.0303493130262779, -0.017608375459364847, 0.03800011868737263, -0.02974139755164988, -0.010798000280011141, 0.013153263932298473, 0.05326233552599666, -0.07395269978889761, 0.032890472570984625, 0.003948558828276355, 0.07293961414190173, -0.0121741188283742, -0.06708999426488235, -0.030199615163855595, -0.003039758803372969]
[0.0696830728914507, 0.028612237899511894, 0.08375895297453326, -0.03162716464939734, -0.07835979886898595, -0.045992711381020346, 0.030434982513422526, -0.06327996392073026, 0.021754089797499376, 0.095786584069247, 0.006805962763686127, 0.09904892131784648, -0.08784660157086253, 0.02770404660572351, -0.012822027430421087, 0.0694368720649273]
[0.0955150385158535, 0.03990700105385228, 0.0913425979543998, 0.08387006462157387, -0.01248460675809901, -0.041875826447377286, -0.06422380390377119, 0.055873436464615484, -0.06549972910347632, 0.019171814009560695, -0.02949319232827355, -0.07439103099843714, 0.0345024555479673, 0.04018696140002462, -0.021296892347179214, -0.09931605173785554]
[-0.001622324981707779, -0.03381120658510002, 0.06793338046097791, 0.042062586380072514, -0.07314222350276234, 0.0018248426229309639, -0.0989801913134269, -0.04351584718324833, -0.09303102108254505, 0.015731091812392364, -0.0003105908055436729, 0.08224181881312784, -0.05545363921269395, -0.05675191048771169, -0.059191187170730956, -0.043622118200551556]
[-0.08930042778326415, 0.020983172716320705, 0.00014602888253167912, -0.07472829220425092, 0.08000080732844878, 0.007630748066518242, 0.07276307624465858, 0.09777545362350765, -0.09767718622772584, 0.008712286129558988, -0.07405411449145834, -0.08908565247849774, 0.0026352322656240518, -0.0565404407555868, -0.05113597726681336, -0.0979455197161764]
[0.07440437067741287, 0.02331091695697149, 0.02712698980591227, -0.05241377959761273, 0.06579632380901343, -0.021910522346843653, 0.06483150984202557, -0.08895488510098322, -0.09497515460852005, 0.053573549046909696, 0.009002269451359651, 0.09265815735520211, -0.09076347514006458, 0.019391135916708185, 0.05717288658929734, 0.012024582210760706]
[-0.08402417796431515, 0.020055530487065806, -0.07996632589532056, -0.09442914811436594, 0.03221567931658051, 0.0312541330186831, -0.035707395900395844, -0.00452859544321213, 0.026276970837587982, 0.012202263170969757, -0.020789154821750117, 0.0243844489872993, 0.09603079493698494, 0.03507525851251145, 0.09306483771145566, -0.05776132388134639]
[0.03799534045254829, -0.05420075525138608, 0.09912907362509626, 0.0467725590368418, 0.031587857758883814, 0.0036140240790112355, 0.010966939086577907, -0.029664677792730507, 0.0256204540056936, 0.01431620314075735, 0.07855134011120579, 0.04559439964856832, 0.03132253380550418, -0.09771183171099114, 0.09587672389474144, -0.0963658798680273]
[0.008880428867760665, 0.09757897478614272, 0.07073460714318552, 0.09396420810051728, -0.0407071738711001, 0.07064573707707852, 0.03918280528500609, 0.04196557078592192, -0.0028316470709017494, -0.0732962993065907, -0.0832307957152432, -0.07803621451697845, -0.06956355306576434, 0.02565558935340856, 0.040539301146869405, -0.07448296894749024]
[-0.03733111506786556, -0.08413697050733755, 0.06988981318565479, 0.003242633432971112, -0.02471338109815706, -0.07597012890719534, 0.06773843995074977, 0.04081114442976669, -0.044355309953244285, -0.017046839620267068, 0.0702760258723075, -0.06988516314331368, -0.085751873861664, -0.06849753461233418, 0.08889332348970622, 0.05238195323914152]
[-0.0998600052077992, 0.03041478030335862, 0.07837527214596643, 0.0418788194313266, -0.08929926056617168, -0.07588469573896042, -0.04394086586711943, 0.09091593929277195, 0.0063262068043060254, 0.07163682667005106, -0.07897557889734158, 0.006493935417171942, 0.01884021562081753, 0.06731800711624536, -0.036371130313641836, 0.009827042950243461]
[0.09732662791232136, -0.006258116524462329, -0.035117365086693386, -0.002329858169743071, 0.029116003603723822, 0.03182277809717532, -0.0013318521182898585, -0.03601379588298226, 0.04114696529791065, 0.09698049792188923, -0.09733579260494295, 0.0262561470724971, 0.03851427174871616, 0.020000291914404042, -0.037855489766636156, -0.09896368281192312]
[0.028171946000247555, 0.030789142669075203, 0.05069980329841506, 0.054956698071066706, -0.023681581886130593, -0.09123299221643665, -0.08862978433454437, -0.017354451161013168, 0.0335115302215839, 0.0350501714531144, 0.09837769694486462, -0.005206343035226893, 0.07441122599001074, 0.0014790589615914784, 0.02142302842601604, 0.0089145478549639]
[0.0994932122225533, -0.03143804022077623, 0.09872115863893455, 0.08566320389896517, 0.0372672389368876, 0.007376602041240049, -0.07536700845577769, 0.012782298898839153, 0.025664202038342132, -0.04598356464944258, 0.07438592502459815, 0.03520731564002472, 0.00823035038905777, 0.01824427590290964, -0.09497704080183783, 0.06468301603282028]
[-0.016682470971922284, 0.0799927560293473, 0.07782170244665243, -0.03145233553991052, -0.08635377519386152, 0.0029365919536229884, -0.012891074864978314, 0.08751637834865367, 0.022006337299427844, 0.054295974140910974, 0.05629577307533137, 0.054345699713990586, -0.06849186267719423, -0.09320500616024596, 0.04463086202479283, -0.046790663606211695]
[0.0912831342267636, -0.01568814466826214, -0.016796143131544358, -0.05807312480732401, 0.07120732071780958, -0.011357691558349287, 0.07881120550714343, 0.04693591434874192, -0.08709087146731634, 0.07448697274144564, -0.06075706686942844, 0.06258088838851233, 0.026147880780966637, -0.08866223300686767, 0.0842636398031402, -0.03808731508201135]
[0.05005844282943739, -0.03240998236416677, 0.09846071034957218, 0.024602271378350388, -0.05322211698888375, -0.019022110929694663, -0.04740630121464143, 0.048656638154020576, -0.03661697533765139, 0.05612024148212877, -0.04547038757887825, -0.05473949255883377, -0.05254247962946135, -0.08876220320593997, 0.09038480485712008, 0.04754423114608358]
[0.049957943423262124, -0.016438237633155592, -0.06677415401724891, -0.07755256887636018, -0.0467022777638521, -0.0987971285305262, -0.05630673294129558, -0.0298501861361085, -0.0338253040007928, 0.07429392699647244, -0.05462741423797601, 0.08883710501685069, -0.05951288297403117, -0.08077881012168359, -0.04738516273525178, -0.0029780825589909438]
[-0.08890194640733584, -0.006108727607204406, 0.07494729762849803, 0.0435729305150378, 0.0934895548425731, -0.03681446620397133, -0.013612242905043287, 0.047562706447483116, -0.05267295930717686, 0.08800499931576242, -0.02506818722416891, -0.021363105750542746, -0.09450387806455773, -0.052816624517504865, -0.010490870719069623, -0.035419006987649146]
[-0.01762180615482853, 0.0916882002779772, 0.07735420483395508, -0.01900242572324759, 0.03373373835605292, -0.04060475040086822, 0.015901615423790844, 0.07357766744223157, -0.014923625580138197, 0.06457538561723938, 0.028351051778009173, -0.061486011663707624, 0.07994140476424025, -0.07260273984737474, 0.06453935966481691, 0.04709724168621909]
[-0.04132744387736209, 0.002380843325139409, -0.04142131270422418, 0.0004767095927141751, 0.058969711360265464, 0.09538541659955224, -0.000836398645227443, 0.01680977904052658, -0.03481341998854469, -0.03296655869220473, 0.08194227544463606, 0.03040283510760894, -0.0892427695378083, 0.09937140795363128, -0.002194724052891367, 0.04012723639393073]
[0.033034269504363056, -0.07108500764698521, -0.06695088805281474, -0.03187070656517231, -0.00017371107488062254, 0.08834411124439623, 0.09589919434732391, -0.03162507014083034, 0.039075305967291724, -0.09466038214524744, -0.01808249418008631, -0.03499308056309623, 0.06264954390661151, -0.031912381710805224, 0.04523419826009942, -0.09223215881657772]
[-0.05339746180654184, -0.000592298755035886, -0.08952404249725286, 0.0499313802405606, -0.09006353080307089, -0.02780485889149298, -0.09602171579506291, -0.09632957794745195, -0.03545171947363941, -0.05737602923228922, 0.07859522081840842, -0.07502012844669902, -0.09007826167028993, -0.08146350524927244, -0.04843746319078601, -0.07506877512488097]
[-0.06564233704268725, -0.07236461857915284, -0.08560949327561865, -0.013632575035202904, -0.03952917124033244, -0.020931412487949858, 0.05509810401059362, -0.09062470302242645, 0.0142267304350574, -0.016372027567032668, 0.06396574812859271, -0.006786966560087121, 0.09666299333729206, -0.06081794226251194, 0.02214104661614287, 0.03598686910594334]
[-0.0725333343496377, -0.03786525627285822, -0.008612642510167204, 0.03274741024908484, 0.04800870741838806, 0.042788221922672565, 0.01968366864139784, -0.08091618702288401, 0.018845713950985485, 0.034057074251874264, 0.03546102591205885, -0.09661669732955802, 0.009369597810537991, 0.03029746476216555, 0.06301499540702454, -0.03361559295131314]
[0.08350112035328452, -0.09173294727834053, -0.06776834054081762, -0.0027438504117181656, 0.019808345562928847, -0.040185347423900855, -0.03691495564763317, -0.014504739781501325, 0.04654814504874541, -0.06246219350358413, 0.03449057087074456, 0.05904030791798409, -0.032094814253722945, -0.08567711355468717, -0.09840794455413758, -0.056581673784142056]
[-0.003842797515368798, 0.03684300058463377, -0.05153307565188552, 0.027053607110820527, 0.08430484805965496, 0.02407067520603487, 0.03228230042539887, 0.023702998962847818, -0.09837620134892577, 0.03781710317136311, 0.033864536897685454, 0.058112643036089734, -0.09324340018479614, -0.07670470048940292, -0.0369001961433201, 0.07641619460042132]
[-0.044705627398350094, -0.08220566119312672, -0.062042207133763655, 0.09135433818137145, 0.06462186315444016, -0.07942233289355925, 0.0808435521231119, -0.09102943065058311, -0.02896102990542393, 0.019849762443631833, -0.016921948471873755, -0.0725068406695866, -0.0967271127401165, -0.008771567180447831, -0.07604728201162042, 0.0757789037892401]
[0.03625919859803689, -0.06358324081130912, -0.03313871145118695, -0.09154128283349577, 0.0921817650131056, 0.040136200346468615, -0.0351329103813761, -0.0945024309387025, 0.020749049077019105, 0.08915512429606914, -0.07818296986302338, 0.07283127083683658, -0.05162923515967182, 0.04619775041189486, 0.07825163029558257, 0.03873763724016166]
[-0.03652944195855967, 0.08964875568680139, 0.06833293413906413, 0.07396448392637014, -0.0732106450831675, 0.0892091079176126, -0.05405271204336864, -0.06658053045073387, 0.057020393008837766, -0.09475062613656636, 0.06372268409246393, -0.06781980912176219, 0.09861586649485837, -0.09634118902468561, -0.06712917497106247, 0.09601764525590625]
[-0.03496800672724702, 0.05500464737392238, -0.06322742400706101, -0.015028744076152206, -0.09016863684559079, 0.06445663245502162, -0.06457290166314084, 0.0646495258433252, 0.009908441352529065, 0.0008766541914627946, -0.021932435917925777, 0.06926851221916772, -0.09034810163875412, 0.08493136258084402, 0.029133254512522966, -0.0450700854639694]
[-0.06944012529212798, 0.07865279340356549, -0.026668369480879278, -0.05313417951216879, -0.07606189352353113, -0.019738375483086962, 0.012296254552919522, -0.0519528161300749, 0.048450841007351364, -0.00766750843128243, 0.09002225783133064, -0.0014841425609819908, -0.011445810207821872, -0.009322808765234128, 0.012749493834740888, 0.07185584405680251]
[-0.023022922302753532, -0.06795708288083507, -0.003506605336789967, 0.027424087667766217, -0.0513965682424554, 0.06658305792665595, -0.06403519959709743, 0.07201749624795564, -0.041005659166456376, 0.03970572227370492, 0.03792269591993208, -0.014828882461925819, 0.00315079529932967, 0.08537847020907549, -0.09922592393900471, -0.030184283583225044]
[0.09005247374783684, -0.020893619250333506, 0.009911518319203588, -0.0403492566493632, -0.06460055555435934, 0.09256855005825293, -0.0520723030251482, -0.0069144979898281, 0.02260121804384496, 0.041927845914008194, 0.009629298061635178, -0.07968611038660244, 0.012143080324330938, -0.09998938520822281, 0.04412931761135777, -0.06243593076620149]
[0.01740700609553683, 0.001434868926599428, -0.03976367598950695, 0.04495924963190176, -0.001409533077940367, -0.05426626730725557, -0.03594780450304676, -0.061832542913007375, 0.07813791855535931, 0.006725428035458864, 0.00045371125231226384, -0.06945805508043618, 0.08702905092729182, 0.05739674492142963, -0.05802176651894402, -0.03787561443211438]
[-0.07073827343784933, -0.03430700655330228, 0.030544153050687833, -0.07914859202188301, -0.046534075480213294, -0.07430475623063959, -0.055711748625201854, -0.0823866153463122, 0.013942311018476095, -0.05633602957506874, 0.0022354407898372425, -0.03782019704584645, -0.02109802446038586, -0.08915843380792499, 0.010856656054454586, -0.002632490553069397]
[-0.009532275127731776, -0.07532807670740936, -0.07366490102634743, -0.005492411019458035, 0.08949236752864193, -0.02334263584609833, -0.03186033652122343, -0.010650525293781826, -0.05530891859193263, 0.05200983409284371, 0.09153041176616555, 0.060493754136253824, -0.0514132230447997, -0.04618204800027825, 0.06877038799929241, 0.01992348822809739]
[0.027526537923745903, 0.018284127700593247, 0.007014736554447593, 0.03860174328168481, -0.09861522772483954, 0.037074870272661736, -0.02643276258162526, -0.030156247477154327, -0.015619377990297195, 0.03899005439071496, 0.011995425200147888, 0.07415242258569288, 0.03192751143655284, 0.09884920381369089, 0.0836664479061569, 0.07781056293130337]
[0.04458910956332007, -0.049559895594447095, -0.08145258403687186, 0.037880756355678114, 0.09129591977748161, -0.07589083481877212, 0.024861535504029586, -0.022742587806021744, 0.0794516852333754, 0.09345228503221506, -0.03852826612177114, -0.012069928250321632, -0.070249198982118, 0.04246004045418031, -0.025173684976250832, 0.015989397020646945]
[-0.0748010345780804, 0.09963006578795011, -0.03783667316701525, 0.09051176950600817, -0.09205674832493223, 0.016170510475990635, 0.08727599121057136, 0.01908429626046053, 0.03593917034379304, 0.028998449648564073, 0.012552097216156355, -0.0643425902561475, 0.06305004282130383, -0.0018360137671065146, 0.0986683342638704, 0.06210227996651638]
[-0.01829234413807404, 0.04354057049567783, -0.028178905048658984, 0.021352105349787015, 0.09234385303626197, -0.007910071742793567, -0.059601544046487875, -0.03303632659297118, 0.05806712665129807, -0.07350699120238867, -0.022304391411859942, -0.04962988286503618, -0.03003524172587331, 0.025768046596915423, -0.013932941194401069, -0.08553153434030508]
[0.08517746501811768, 0.0014339562991476928, 0.0046139107860859035, 0.01126922476347711, -0.09192086400577125, 0.07388279427517933, 0.05052414129608904, -0.08534178044426176, -0.010331883097481898, -0.01874520154894163, -0.03745115292968178, -0.015270592004896333, 0.004332004788950322, -0.07464503285039426, -0.051633060414421776, 0.08772812448298803]
[0.006626520898556684, 0.023739465839772184, 0.0597538979967146, 0.03789763076129163, 0.06251326698690352, 0.020441306133829856, -0.021856115668968473, -0.0009551834528377795, 0.04069815283919204, 0.09669758961004987, 0.052718039999606864, 0.09510471596769707, 0.0406666996275758, -0.06651976737769358, -0.07678601848265316, 0.03478707318448776]
[-0.04671778569781773, -0.010888946580093872, 0.045363098676360125, 0.057492167155321766, -0.0914207717023571, 0.02073018920512984, 0.01733091087778646, -0.06449167979494527, -0.037430971523749815, 0.042733098909284284, -0.024809323186094634, -0.06328466690132276, -0.056503601612109905, -0.0426208889712048, 0.011002789127034895, -0.08642277131569967]
[-0.006622941042284114, 0.0012553403120929146, 0.08583168264346791, 0.007447898958624785, -0.0674785944216354, -0.04259250636506693, 0.04524709705903923, -0.07430305050238897, 0.0036377322238021897, -0.08501604739600462, 0.09506170155748625, -0.06118079097043259, -0.003017587875019559, -0.02489508117645378, 0.025585693938634302, 0.031695480777850865]
[-0.00681055048291257, 0.022359602602054635, -0.0075775457734990476, -0.004318714045486408, -0.04495507558823564, 0.0966619420756328, 0.057718063237363754, 0.06981422223839084, -0.06354707692360803, -0.09126907854118015, 0.04504386296240964, 0.0305780408580609, -0.0073482995739184015, -0.01238231881116017, -0.09158079845931694, -0.0640650895413282]
[0.08773116561789349, -0.08305706282563285, -0.062014715017708305, 0.006967211712171489, -0.009412223151901183, -0.010069744028960811, -0.05203344101729055, 0.0743603367797136, -0.06726726598383104, -0.029998016316258674, -0.0707701498045099, -0.05450392765773511, 0.0018459659252361982, -0.05684429664419919, 0.027917758988184438, -0.09160327243613452]
[0.03579839744460478, 0.08005332739167606, 0.09953952439928834, -0.01920074606747199, -0.038991212711596224, -0.062531660383216, -0.014816693161056299, -0.08621855950098126, 0.02932992604400539, 0.053758938836289544, 0.04890812284097229, 0.014375962224951605, -0.09955388103770342, -0.008034974163967881, 0.0031395713806437603, -0.043162054521324114]
[0.027761466238423738, 0.00022839898745050102, 0.0824276366905114, 0.026421732960282274, -0.026072355734952576, -0.030110622759213543, -0.04949452965172461, 0.006346384944484293, -0.09800483653550991, -0.0810455271189517, 0.03483057265624445, 0.009355444354207279, 0.02201223450977259, -0.09063888099528483, 0.09379255232361552, 0.04728012564925488]
[0.060094032706840855, 0.0845576447745282, 0.06533402736848776, -0.06231845453259484, -0.0661650369004337, -0.05525173363114238, 0.046619143848005834, -0.069898745017786, 0.0876032582450455, 0.09132816792288923, 0.0009826888337160777, -0.04826796344200841, -0.03493747528942455, -0.04058658815557421, 0.06147511833731856, 0.08051611794365357]
[-0.021931905851893266, 0.09835258580636544, 0.0819295481460755, -0.07681419365835739, -0.03499045799796888, 0.05412722024153968, 0.00559059770809231, -0.02743922522658307, 0.025985129517524297, 0.03596160106642471, -0.010207544663373064, 0.06754672660307295, -0.07978428194701288, 0.06621111127390641, -0.07633585897233151, 0.07211551349260584]
[-0.043530591593237716, 0.014529987131593175, 0.05595573055373601, 0.07540037159122776, -0.060630540795379245, -0.07532042942948641, 0.06935536420500651, 0.056580254976663524, -0.04640271365396301, -0.046926512321550255, 0.00256801820818206, -0.02493554639047177, -0.07744587013051932, -0.09655339978819917, 0.0031015738791876357, 0.08953835921524897]
[0.011331687836633103, 0.09483846737543533, 0.03011392660497217, 0.025291625810202695, -0.0896477100125517, 0.09729102537960882, 0.0193433249262059, 0.04742657959715099, -0.06350705389151728, 0.0738138841017967, -0.05990565021720631, -0.08137764604760644, 0.017355808228257885, -0.013333910526781276, -0.07205821700080423, 0.032604595772801226]
[-0.08495960104496952, -0.0363182315578867, 0.010659098610293946, 0.045967615284477126, -0.04845738096408601, -0.08933177322156388, -0.01543935854256237, -0.043435373084603796, -0.08882868691068968, 0.01593455776722197, -0.07890219455221413, 0.0035627952730006296, -0.042184470987271606, 0.03841618744441072, -0.08994054127990503, -0.03559985274292103]
[-0.019594843214346833, -0.09037218568178254, -0.006117515544395033, 0.004809818250491357, 0.0810746606777912, 0.06118482060901384, -0.03866439604760466, 0.09796204072553971, 0.07619033042760298, 0.006891498563835349, -0.09428385571106367, -0.022981121400047336, 0.07726774537971234, 1.1685569022007458e-05, 0.02022655278431658, -0.027902136206715403]
[-0.03294384482163151, 0.09230639578566865, 0.03221825828096586, -0.005378591661875848, 0.03079085585964056, 0.057415300422304805, 0.09306793729484694, -0.08858322715479164, -0.019972671949045534, 0.0357988342557668, -0.055819393885616346, 0.05035308135492117, -0.034414612390506014, 0.024078937422636976, -0.09818519566669695, -0.031667372657614906]
[-0.06566577016605757, -0.06466989932044048, -0.08687784261945418, 0.08183312538545673, 0.013855623436784675, -0.042236976789794746, 0.004814703986220373, -0.07539394378557743, -0.05253010149642337, -0.039017182293047806, 0.08700005620161905, 0.02726692790180113, 0.013853590860803205, -0.07574101548746402, 0.06154402115122559, 0.02716531526945737]
[-0.002233608580521157, 0.08668144915168047, 0.08618981814196366, 0.023803717116814685, -0.03066908526553236, 0.04543366145202077, -0.02788547854839296, -0.05123464884134446, -0.05662872065262392, -0.012162177127667678, -0.084516377407937, 0.0059504572405848916, 0.02833965707478664, -0.07579663043001064, -0.08542151711763664, -0.08823511891973175]
[0.010387678741335019, 0.011237064380908629, -0.01803837330291788, -0.01285508288670996, 0.04590648123730284, 0.019678418998943403, 0.035181213104976405, 0.007574670934554578, 0.0947981318038428, -0.028236561543991054, 0.02690848982868016, 0.0014597606354566778, -0.04253759797805277, -0.012987786857942468, -0.07378031791255171, -0.051837804273566615]
[-0.03689826953174509, 0.02968265331754677, 0.08346610587443976, -0.0750470804638191, 0.011566040774328143, 0.09994333038648143, 0.07900519844911078, -0.04838633773291388, 0.09624884015484386, -0.02368982791858354, 0.0029295394681404935, 0.08535669742289664, 0.007028303948141135, 0.06217300561190586, -0.08351962886517297, 0.044690066009816565]
[0.006650902736617698, -0.007969183514957373, 0.05302960800972442, 0.06097002066225024, -0.03854226141660358, 0.0887051085231387, 0.04818137781649723, 0.04017251643077738, -0.028077769797298813, 0.015177544190328393, 0.04446837927411812, -0.0673606162377703, -0.08622148899065661, -0.08685583911476702, 0.0703728789572213, 0.05137105539527703]
[-0.0022479590934300353, -0.005365528954771492, 0.09321490977763747, 0.017319005020062006, -0.01421935752353376, -0.03606325314225578, 0.029245875083246414, -0.0005903196779387249, 0.08497960953946329, 0.09588293880946394, 0.057107768557836835, 0.04382281167188279, -0.06428500950036772, -0.006706213927903382, -0.05170287484059795, 0.02862100884932267]
[0.03968223890554565, -0.012086049788268369, -0.0551199978703669, 0.04685412583691698, -0.08931451487882554, -0.05532841931751245, 0.0010532351860013944, 0.06028936436841592, 0.07812163442249453, -0.08367639601291976, 0.0033753002436439222, -0.0830325689926854, 0.006632864156402851, -0.09023779034248772, -0.08596754280425496, 0.05934267120931308]
[0.04094177164481266, 0.038776729817480454, -0.09715552269150159, 0.048137821435288775, 0.0078535454133489, 0.09959593516329737, -0.04681723968147425, -0.04620790298962592, -0.05557898322547268, -0.0017977744140281332, 0.011683958262049862, 0.035131419181836876, -0.08292704560498905, 0.09792015839358537, 0.012947973916924996, 0.06607110238613653]
[0.04314655876089371, -0.09571701007842544, 0.023281704249764196, 0.02521093496658386, -0.04863737586632993, -0.016528348492327455, 0.04539857054446633, 0.003058117351511, -0.0312421890074374, 0.02556639892944615, 0.03193686774211718, -0.08486286206949921, -0.05125807220670795, 0.023525142791845255, -0.09891560153352903, -0.012898377756321938]
[-0.023461700091655463, 0.06988534863145485, 0.03162149380241072, 0.03143699560259888, -0.09737146994847189, -0.021359369649953303, -0.05238978472836895, 0.05489618190602738, -0.04805329802810661, -0.01591840378723372, -0.08027098071195203, 0.024821278710486644, -0.029109946111417373, 0.09152006141758048, 0.01759242481643744, -0.027952751648597826]
[0.045668694823618405, 0.0776848535245975, 0.09518073235732968, -0.0402897348460689, 0.08593979692742074, -0.013762980873125039, -0.04710570588834198, 0.09827435241610555, -0.0465981505112322, 0.0032498723860519274, 0.024622456732911815, 0.04910417459818309, 0.027994482406937166, -0.03866431443073966, 0.09849882453548375, -0.08571747115582784]
[-0.049570517638755064, -0.023797899042984932, 0.02085099948845559, 0.0353563957905218, -0.04473641937111009, 0.04388779182551422, 0.07417351048646897, 0.004579298495409875, 0.044789546963271115, -0.05868741407389493, -0.013744290084123215, 0.013615249364408832, 0.017652038060047587, -0.0248006884447102, 0.08026311070278436, -0.06898826573739879]
[-0.05900948670203017, 0.01441017139617537, -0.06217157721456841, 0.032252830350821854, -0.04602776698229874, 0.02698537600826706, 0.03244674987508547, 0.07410840816497005, 0.06208449549225639, 0.07013676049150791, -0.003127402268044671, 0.05151543931159597, 0.04025970932870143, -0.09092464975093087, -0.03368745760986036, -0.02048697264525326]
[-0.03897085373266338, -0.08968273493627102, -0.09250686694187804, -0.05773386966449328, -0.05030946062854409, 0.08575181370047241, 0.03200835539389038, 0.0156650884166655, -0.004036824893157195, -0.09387834977498022, -0.026111202642875295, 0.09347478921162386, -0.07383743572394613, -0.0487837244470192, -0.033619451883170046, 0.08339094284496079]
[-0.05053877614631182, -0.013466991258833397, 0.05293879731763779, -0.09761051956267144, 0.034095811062858805, -0.06252819121288858, -0.0709406082518162, 0.017892184514954862, 0.009234815562437548, 0.04081558814622574, -0.051234179701558, 0.018071025379491457, 0.07833310192111231, -0.024499726650374226, 0.06961432426078884, -0.013485593667978663]
[0.01856603155257104, 0.05856495268839851, 0.036368068794198016, 0.005108453593456769, -0.024963939844033556, 0.014919284641232752, -0.02667149093808184, -0.09170652132563771, -0.09586948646529524, 0.03637741939757039, -0.040918555141843484, 0.0006891530096473086, -0.006547343401836339, -0.09457379542758777, 0.08980884417141596, 0.04371436071103402]
[-0.038344567006351075, 0.05372885622667578, 0.031870883346429346, -0.07000417186840265, -0.0026491215484952396, 0.0740971932699811, -0.08909792574605196, 0.0016504241092471228, 0.01744545598766556, 0.00792531638862079, 0.037920536378148545, -0.05283396794599036, 0.09625175098793545, -0.05992926926013238, 0.01769932637539187, -0.03826299193604002]
[-0.04062431901427819, 0.012063656020108574, 0.010603858478834938, 0.03528378505624616, -0.09152724659565013, -0.08462219960325837, 0.09516455559596723, -0.02598845334010043, 0.005439202385235875, 0.0222476788968035, -0.026287283146195356, 0.05604158550845703, 0.08793586292880992, -0.02695656827915774, -0.032032793793262695, 0.019046868071452686]
[-0.01709536183555227, 0.09732437887577644, -0.09402908865345874, 0.09454701705663046, -0.07131566516182619, -0.002126949349464252, 0.01580221875106591, 0.06994600977972373, -0.0016359968946272618, 0.0038825341896302074, -0.06858738162108596, 0.06349629253677086, 0.0314179721967921, 0.0018547509991373723, -0.028422190803702077, 0.0862369026640262]
[-0.011856635262316645, 0.026131641220791396, 0.06646280540510366, -0.008117384887591061, 0.06417532533772477, -0.06804196475374882, 0.07797957892247825, 0.005094061012572412, 0.0464256432739735, -0.08911509022791429, -0.04440954832386488, -0.08570986726111318, 0.04338571147429987, -0.01099826904285417, 0.013215507238615087, -0.01570676093388193]
[-0.046057063992278074, -0.09735194055720156, -0.007760955694852134, -0.038210222590856206, -0.020555499827975304, 0.007217707009627289, -0.09359937690895788, -0.041335929278566066, 0.0043252751393692696, -0.0659161509376971, 0.051421525269634116, -0.01595968412066054, -0.03992271724538119, 0.07520674772919142, -0.06012572216526473, -0.06854655626748782]
[0.020285080581449885, -0.06284468509012597, -0.001850133185930719, 0.05448194938272463, 0.001509967378580293, 0.049869540042352306, 0.04178510112649933, 0.0006052295697097226, 0.013168529252157057, 0.007550204304125591, 0.09317741115044928, -0.02898074831229705, 0.07317200299528345, 0.005687131179971369, -0.037915258549117925, 0.08709891237377093]
[-0.044871674288382526, -0.029384322742464428, 0.010805065889004914, 0.06756737289969975, -0.045622767870324224, 0.09182361629743419, 0.031609008025338, 0.022133777988207898, -0.05889370307340158, -0.05577008797498398, 0.09284984339382801, 0.060261513265567196, -0.02884481922524698, 0.0871639899331959, 0.08318476360177599, -0.007902529523934623]
[0.004562025173329307, 0.022335683263418546, -0.05031933987651154, 0.04859922352809656, 0.005341384082628936, 0.08741792439972906, 0.09082548216124639, 0.04158677186917489, 0.07191558403574685, -0.06982430333570455, 0.0013836683848244824, 0.08815412096663844, -0.010076406411182043, 0.07852677241354036, 0.08361418809802876, -0.006029117837606776]
[0.08948860423517277, 0.03119453465850977, 0.09143967465727185, -0.08427240472971285, 0.09035096534399409, -0.08560377426944568, -0.06355022448402631, -0.05903939119945956, 0.007704135198766754, -0.0817584533576742, -0.05120400451559684, -0.08092639433374119, -0.08787377884792394, 0.024187462368387022, 0.020424202587740845, 0.04395413038585347]
[0.09619434343504421, 0.08153100671762181, -0.010861676590703834, 0.044137648238566224, -0.075520643730324, 0.007340891561484902, -0.04716355093139893, -0.021569111303190544, -0.0008286673686814378, 0.07467841396440994, -0.049413058215066946, 0.009004517591843217, -0.03154858036982558, -0.09513181295637894, -0.04160131319965077, 0.07965879479203616]
[-0.06412235437232308, 0.07183913382483717, -0.08721884406041164, 0.0554511497760351, -0.09407079493879858, 0.00205626255737254, -0.09538223605553722, -0.06649708074876651, -0.08874954436968574, -0.019617275357788372, -0.0682166147667638, 0.024057575526631486, 0.01886674257873648, 0.08898871394446306, 0.0302532894969591, -0.08043436692058306]
[0.0012884551469679179, -0.037353288417404845, 0.0813447160791762, 0.09088226076553832, 0.01091524421906083, 0.017634815831680986, 0.01922758631994366, -0.04115801004701685, 0.07573780200997915, -0.09178337977265352, -0.049828997306984424, -0.08755897125877524, -0.01253446011067312, -0.03197291265919337, 0.07984842987380036, -0.013422399033420379]
[0.095759069054167, 0.09751542951224676, 0.027034570690272403, -0.08883458450117099, -0.07571572360231336, -0.09291228545491759, -0.04646071786863189, -0.08345997758644315, 0.09782652403698192, -0.0705807794431229, -0.0586984702358619, 0.02596008003919298, -0.029008560002981423, 0.07603391760203229, -0.028374841220608432, 0.027139438553664463]
[0.020268966040790468, -0.016483916697253492, -0.03631868523031748, 0.09814634777198714, 0.008990854400236656, -0.07485418760372375, -0.048307489625536104, 0.0842033942021205, 0.014602931919820358, 0.012058867739100962, -0.020642038093734286, -0.05423352871452796, 0.03816280850004841, 0.006868587971733203, 0.008772592386390318, -0.027876957064732685]
[-0.00374407453712558, -0.06349058966463969, -0.0826806245449397, 0.09748136333077145, 0.07662796783160217, -0.04062609791736019, 0.060410644206478764, -0.06492043497929914, -0.0258043786787686, 0.05339748263389435, -0.09524361220774419, -0.03617508170832488, 0.010934332817488526, 0.011389791812745756, 0.07668691423632351, -0.09042016660726966]
[0.09633854275788198, 0.05298464764496974, 0.0888815050796253, 0.077424443507046, -0.011034418331048387, -0.07167223798120854, 0.007464483710690056, -0.09743218536352423, 0.002974112016949304, 0.03357045392080299, 0.027357609388865334, -0.046627556286435515, -0.01361415347647002, -0.06000888351278506, 0.005376565542238684, -0.01031186147202312]
[-0.013180868142255137, -0.07603748172283681, 0.08039023752977911, 0.02964173376023088, 0.05647437239293843, 0.045905832637551186, -0.08493507158006044, -0.03738653385297029, 0.06850427803536249, 0.023971800780106522, 0.08284837105017381, -0.03092554577052585, 0.09048163997088107, 0.06990874174306302, -0.03023108323620856, -0.003804854562998103]
[-0.06940264747042307, 0.019347467102453456, -0.0730803553524106, 0.017860052572876622, -0.08950969581093754, -0.03176549615197791, 0.0428245634189674, 0.08874368356769025, -0.03463144314444533, -0.09990085544515642, -0.03318731844546452, -0.037958577548515615, -0.0022084531713173067, -0.06360092334966844, 0.06592563898308496, -0.032769161189810755]
[-0.014872390036326566, -0.018573994278489978, 0.09604578647509093, 0.09941789105561169, -0.0363091888134683, 0.02916888958284644, -0.03271303977144917, -0.07741582995942331, -0.00012232612796654607, 0.05118708930319768, 0.06875138831003202, -0.05385498033722678, -0.015904097938846867, -0.024719364267196592, -0.07073150449692903, 0.03420530643578107]
[-0.06502717110025731, -0.040103266846806145, -0.0887036830504002, 0.0069031446881167025, -0.018834551887303902, -0.09853899154921526, 0.09909624056936275, -0.053187720835577525, 0.04121883842449675, 0.051799760798441036, 0.005406228669204413, -0.027311805996458133, 0.0359961077087631, -0.03125131569877884, 0.01670787946331731, -0.07730802652979946]
[0.07378026296396664, -0.024180250985891466, 0.009995702828104691, -0.006453181703767588, -0.05931348781551713, 0.0028217970093282474, -0.09973128898851041, 0.07347437989796196, -0.041231807451438285, -0.0731077548260367, 0.012546614009144808, -0.07556679540262412, 0.001256401303136423, 0.03724365746012406, -0.09136134126301548, 0.05687901548895455]
[0.05139023771503515, 0.05734764023553238, -0.050898110595701575, 0.09743902097935767, 0.04086745396789307, 0.007989441238880651, -0.0790008171329286, -0.04104310607130708, -0.07936257202952486, 0.06358242058477934, 0.028233448648797427, 0.04191901633651668, -0.006974656902229398, 0.03377085651405959, -0.08349792497987914, 0.004542428868408305]
[0.043549506841185026, 0.0644688175355431, -0.02891157193834548, -0.0967776931708432, -0.06339404692496682, 0.029052874070843032, -0.0023708786137071336, 0.060102822057249566, 0.02866994114106486, 0.09297247201315559, 0.057679563703983056, 0.07379968431234349, 0.016883264938293424, -0.000919932397199702, 0.07566053848360088, -0.07930085835080213]
[-0.016078231375576693, -0.03950253420400527, -0.009234585549916768, -0.08827053620224984, -0.03367509649833211, -0.017937744260526814, 0.0760892221404052, -0.03682758613564112, 0.06596839724372164, 0.007062650063017803, -0.06266297784099686, -0.0686827538001763, 0.0662279043109873, -0.01692428807864703, -0.025143054883318944, 0.09230136331466884]
[0.09403422700988237, 0.013410307807481425, -0.001721322607640824, -0.07051186639503414, 0.008052108204012504, -0.03137375255920863, -0.05509610047005789, -0.028613759834407324, 0.012568384307566904, 0.022332439928095638, 0.06965379444789441, -0.03169292388913905, 0.06171421759189974, -0.06522900637434653, 0.0019393143533978502, 0.0885465943174317]
[-0.017704852350279993, 0.07274233415413575, -0.01310524181612116, -0.02324462790478947, 0.02939046096382042, -0.06421291870783766, 0.039043569186085175, -0.02869301472759507, -0.06259184899884368, 0.04157991203507724, -0.00994853056583131, -0.07614543982671805, -0.008063797153781721, 0.017972116303917596, 0.03247660254056614, 0.011480725277263182]
[0.02816439404376328, -0.012204462558419046, 0.015164903786863373, 0.0389676491502553, -0.09407375532860102, -0.011967376306780547, 0.07023598903934394, 0.04504545724110401, -0.03663218967852587, -0.08979213644579463, -0.09177799328733008, -0.0577782124104109, -0.011587866150278181, -0.04599774616950041, 0.03239005050397539, -0.08966396306857412]
[0.003270418983968598, 0.09265350173354994, 0.04428548420178427, 0.08821842581385089, -0.08793218958452409, -0.039308736351076505, 0.08491634566188613, -0.05831926753153116, 0.0849189332070216, 0.01715239142469141, -0.078919250883094, -0.04836188518422087, -0.04207363108925957, 0.04983522868560372, -0.006930287551412895, 0.09900487070602232]
[0.037163016266634485, 0.05112818220192314, -0.01340474027761926, 0.024908295460667904, -0.07467553390270257, -0.048745178163173836, 0.08222226968800886, -0.06246323301894666, -0.05220375922963401, 0.016047197672399302, 0.0826951133326018, 0.004281888131963618, 0.02205652361268813, -0.034066647654388826, -0.018494119330895467, 0.09923612461324771]
[0.02859120510113647, 0.06784242327456158, -0.073331927579758, 0.09337073537348331, -0.02447190041192067, 0.05586456458652114, -0.009107974732140867, -0.06432026764018992, -0.056723452701724436, -0.024028559666159438, 0.024580323301707743, 0.06921923632255061, 0.07146749595006549, -0.003464876309151932, -0.001444988399735947, -0.028112678341710745]
[0.09037367243952907, -0.0785569826012647, -0.02557391310513786, 0.0665729455980067, -0.033470451848932076, -0.05121808483536745, 0.06698733350997954, -0.0036559496209462444, 0.041735896656245386, -0.015547893956211145, -0.03905988232866267, -0.08152131504738885, -0.07601624938266685, 0.05046893109494574, -0.06802208805486457, -0.09526686044197658]
[-0.034527405348132076, 0.06608624020269024, -0.060912653547033485, 0.05322796666565652, -0.04813122564574135, 0.07026874380666967, 0.056587107094008327, 0.07879024943533808, -0.041932200761993915, 0.06051267360892515, 0.02886610166806225, -0.009412348771709447, -0.06797319842214003, -0.05110716676611311, -0.07904828461011643, -0.09482257177025206]
[0.011615782491977006, -0.0871434448490059, -0.0038872694675141928, -0.0758237288462404, 0.05435681525985331, -0.0638515697891742, -0.04389503899602265, -0.06919615993160166, 0.06818980715185058, -0.015449764526898321, -0.0026988281341307208, -0.09871315831943878, -0.04817412246302275, -0.052426362807996334, -0.008065695854819283, 0.008256799822596556]
[-0.013890776508573927, 0.020304103858160172, 0.0869249428245677, -0.04240236942408418, 0.006541526678886522, 0.014164420752051349, 0.09155878115593138, 0.053270089958332906, -0.06645722826030626, -0.09868547572397235, 0.003322674948632004, 0.02432740661900004, 0.021970177543774908, -0.0026253395693618814, -0.09224961052231646, -0.027960399934900224]
[0.015551836496969423, -0.04587489240051881, -0.06189846001783832, -0.09968861028934589, 0.002831266287372333, 0.08587382190041512, -0.030248906331523426, -0.05472703977658642, 0.06586891360218713, 0.0032415987150881953, 0.0627734075711901, 0.07138448514451284, -0.0702621435411037, -0.06645960940607806, 0.00092496960128223, 0.08918644732985775]
[-0.012772191372585145, 0.021860393148294285, -0.04735774741111374, 0.023117716914718603, -0.053059706004972146, -0.010860710588111375, 0.0988934480414286, 0.017481402414307318, -0.06972567322937069, 0.0647795944710697, -0.008839384598247138, 0.07477516922169442, 0.023507784346183613, -0.0674990962824546, 0.08823366096272539, 0.07771131542914453]
[-0.047644798846327, -0.09388207570094856, -0.020880286586820437, -0.08395065120760598, -0.02768932687723795, -0.05419143465105772, -0.04700956590194543, 0.009091001615828986, -0.029945767604517434, -0.09230303397783038, -0.06197136505903909, -0.053626783263423586, -0.08307968492292062, 0.07619950265313297, -0.02945286752364784, -0.0841647616267214]
[0.035866427230897724, 0.03380546007899404, -0.08057093854355042, -0.06624580559019007, -0.02058738807402402, -0.08652839856421846, 0.04179316029009825, -0.09567790325548071, 0.09153013073173649, -0.08439965957896292, 0.05744325217820498, 0.051674823720869345, 0.06002193645399409, 0.06774873235796147, 0.030737710801911844, 0.019501902612203553]
[-0.023799585467158407, -0.013265760022700968, 0.013302508517139808, -0.07743787008662857, -0.08386149393774872, 0.0916507195081927, -0.047078411601679984, -0.026326995016293125, 0.019493380895935636, -0.009562825248179044, 0.006890973992367974, -0.09510054479516875, -0.04174337337907619, -0.020897952767876052, 0.07266229741202276, -0.08686557240145075]
[-0.04155895637431262, -0.07530709472656694, -0.035232261914322424, 0.05300818332605167, 0.052745752881928454, 0.002356976661678112, 0.0034078614264572843, 0.08400434410465443, 0.08605177821684884, -0.06508465818373274, 0.017593770773875944, -0.09145113797244298, -0.013502162982139798, -0.05020755968880822, -0.002909650448961229, -0.002352963520119822]
[0.04076642731716251, 0.04518064341030281, -0.07053657073809566, 0.037714807242703596, 0.08251519441016966, -0.022020006903870487, -0.029005831666833154, 0.06213695848174383, -0.0998044154267354, 0.08815508820713244, 0.07837100778977144, 0.07450571754946281, -0.07186181615488066, 0.026626020725689703, -0.04355732927576361, -0.06267420831689618]
[0.016350936620240425, 0.013405563346849877, 0.07035326105354966, 0.06193356789618579, -0.021969238825887305, -0.0874129406624955, 0.013325603815141515, -0.07537670912319959, -0.008891043737145776, 0.0835217269572783, 0.0798706440891826, 0.017372588223410965, 0.02062082162666526, 0.004014374517702743, -0.011876660477512208, 0.0680994304109867]
[0.09675744442098996, -0.05108798637650041, 0.025962033737070372, 0.09695856998456126, 0.08149548536688975, 0.08883339883033978, -0.05017511686967027, -0.013154972123378544, -0.051327501901520516, -0.09646815524820303, -0.08822124561409701, -0.09822036105601005, 0.08844528651746975, -0.07427457454524006, -0.053346497196157784, -0.007012832022346677]
[-0.09105712031481612, -0.09797821335996425, -0.035763267005285274, 0.022946446968283046, 0.09415983916668438, -0.06860016944332159, 0.0444899829082997, -0.023819451036540845, -0.0005814981692730675, 0.06674852317269442, 0.003740526329867766, 0.013791412846990037, -0.08427680807541689, -0.09321963241492136, 0.012339753177451063, 0.05450558098553018]
[-0.07043166154988588, 0.017693387417948653, -0.06314105635666009, 0.016826002167928622, -0.09244725293194272, -0.06720528173814733, -0.09344120912851761, -0.03599396172745069, -0.027973070625541774, 0.07127425169928803, -0.04999721883448552, -0.04830192274505865, 0.07320485092353898, 0.002125038812920546, -0.03626645884038278, 0.0915489839182807]
[-0.014327915714872172, -0.09766017044655027, 0.07559210350296525, 0.03559689004343758, -0.03466671047290763, 0.025081524296493962, -0.015762698513962947, -0.07672304818010345, 0.006048209297435728, 0.043918430528084, 0.0187538140282925, 0.04521053697171265, 0.0483555247061597, 0.08397958007097384, -0.02450157289759239, 0.014089374164253668]
[-0.00587349000260122, -0.07305005018503073, 0.0017387940736548896, 0.06709076216111617, -0.02215009551580567, 0.040376019778084, -0.05861883871489655, -0.0018276772752464227, -0.08782224992569342, 0.060292895998682705, 0.05262264260777458, -0.05288235144474172, -0.03685424899328478, 0.026392076875591697, 0.09678360285115759, 0.05975577332771889]
[-0.06635023316210627, -0.037846436569159515, 0.011403505895740823, 0.05802973579483997, -0.08752287393493692, -0.03413215314946608, -0.05356481199867609, -0.009839993299814082, 0.04734408495551473, 0.02448638459651528, 0.011504693562968654, 0.0465869336678843, -0.04548545402623665, -0.0762823271228027, 0.03867763505877808, 0.0994601484334004]
[0.09957512235795035, 0.09402207408920221, -0.05202209798356827, -0.06789580838158393, -0.08027914300213278, 0.03599233300794574, -0.005153277913421392, -0.00019607100754145956, -0.016563451665312437, 0.06145375156056776, -0.06390645311896101, -0.07127131881180554, 0.05858974997957836, 0.07461946753691132, 0.002898269331151629, -0.06693088138813735]
[0.004472317975617687, 0.05099512537108736, -0.001583410816026004, 0.03548542870239893, 0.08716373844366299, -0.08367156114700083, -0.010973867085474653, -0.0573879256623101, 0.07212639952685113, -0.018049137758301262, 0.04259962977464474, -0.016801200360628182, -0.02210483646432633, 0.008736973954376406, -0.02676780190067074, 0.04960423379184273]
[0.06196295962170606, -0.09782836214823801, -0.03563904573565067, -0.03651983564609389, -0.07373344391651562, 0.027083612908285065, 0.06979805133176423, 0.024305988394081005, -0.0717268804298936, 0.0730469524364585, -0.007644926773469951, -0.05030446357255829, -0.02165698265329638, -0.09653240574876132, -0.03314829358184522, -0.02005192055719944]
[0.06628334393552959, 0.04393460473225058, -0.07933788583975461, -0.09516500649907444, -0.08914153320955731, 0.03850943079089464, -0.06459216044025182, 0.07966511732016404, -0.06554614063356856, 0.0428122638903666, 0.09087406939857731, -0.010227254358134957, 0.02853994710441024, -0.0484630300509902, -0.0953150149303004, -0.09899547094433009]
[0.02487725205013884, 0.024816753329310923, 0.09225247616610449, 0.02231823747985036, -0.08708295544245648, -0.09381182449597775, 0.03748999769997216, 0.04478202369141543, 0.05648284551758748, 0.09491713382007441, 0.027468847843163335, 0.03334384876282828, 0.037603424473891256, 0.0840718434964842, -0.050684456516599675, 0.07181589538289848]
[-0.06153950297195326, 0.017538187542065486, -0.044735435395855276, -0.045585657382909386, -0.09307870577933589, 0.004246292560211362, -0.054123215853353474, 0.013491801672197462, 0.08739125998663058, -0.0031100703097272087, 0.056481427616875884, 0.015597836140110788, 0.018008155030558123, -0.0002822904028846607, -0.027072133101024326, -0.096132449553271]
[0.09724000883668246, -0.07020825706104006, 0.050371692560583325, 0.0651933697359138, -0.04632136725808489, 0.018862517464432155, 0.031920620280046136, -0.07639594003244228, -0.07756510582108088, -0.046918744579843644, 0.016005314784467067, 0.021491530176565507, -0.01149646690534481, 0.09679313125245789, -0.04049867072979783, -0.09895425070200398]
[-0.01345539649691238, -0.0645355590387155, 0.02382384770514863, -0.06989966326845905, -0.08784624111164324, -0.09755887333603137, -0.05074826037174343, 0.011611729897384057, -0.07043596239255111, 0.06917479534581958, -0.040702439426512464, -0.07932174405056636, 0.054758611408453756, -0.09934685005604921, -0.026805503510534498, 0.06418185671080165]
[0.0736984561335712, -0.06372666091119113, 0.031918676169256394, -0.029052403398594273, -0.03171173231789641, 0.01449073863765711, -0.02585405079488294, 0.05633345561104092, 0.002527562148478338, 0.09293360189439548, -0.07965389526576186, -0.006638854148023149, -0.02798442355117857, 0.07658614391333093, 0.03191170178967642, 0.0486282296870979]
[-0.08953617656762153, 0.049922360389978104, 0.08168841168729088, 0.09063652263916344, 0.05740390149100713, 0.054478533010740515, 0.018906734236753014, -0.0947058719262046, -0.09732762838893733, 0.06281706933817668, 0.027982364253628822, -0.08403377303494085, 0.05264007077785668, 0.03468885666282345, -0.04545362173305143, 0.029541678463795268]
[-0.08301582159027315, -0.08991112424075012, -0.09537043942721818, -0.0857181449587128, -0.09521327180464192, -0.009647031794837987, -0.04728097650992611, -0.06624122274380556, 0.02057787753341822, 0.08972767338975371, 0.0886764548241594, 0.08931858762984313, -0.0956828020369379, -0.02648127388030777, 0.057809855439442503, 0.007485455429173227]
[0.007000677784270021, -0.029683695106537525, -0.024949060180017232, 0.09014801342018006, -0.03102692246642491, -0.054230770860740886, -0.02449163427388623, 0.0015091740207546084, -0.05285634400734669, -0.013576851827320935, 0.057724179235946554, -0.0648996737810581, 0.09628965898747358, -0.09039922687378997, -0.06712805627025431, -0.047762611973856034]
[-0.01445710607886204, -0.09354557445470563, -0.05291192562975298, -0.0045559050526179645, -0.06484194961781671, -0.021520558861052613, -0.02226077216763593, -0.0844549464027923, -0.02401825138577518, -0.0905635556151414, -0.03141234345806364, -0.0905990259769717, 0.09850936493496817, -0.08381549386207623, -0.02374242527446324, 0.07746865101290423]
[0.06429340219616811, 0.07740944672458469, 0.02304531684197042, -0.09544670245600247, 0.01496977794680028, 0.07436188413084374, -0.013149731771246592, 0.022778426324498086, 0.01577979257449494, 0.01832890007157069, 0.04703589191180407, 0.007216437511294901, -0.03243183873247202, 0.033049157270305496, 0.032444465832574154, -0.05077117295366369]
[-0.08648868145291261, -0.06394626523126967, -0.027989844958468083, -0.002637859426573866, -0.036330241773425656, -0.011687179985560722, -0.01933521948107668, -0.021967196890332802, -0.006828908660993616, 0.08109673496232081, 0.02256688856263256, 0.09312112098339223, 0.011490391714580633, -0.002868721518318809, 0.05561790785349999, -0.06773346907922018]
[0.02179601047175743, -0.010010575619252407, 0.03935346214277796, 0.03623204817703446, -0.004533731219221404, -0.0719742366763742, -0.03893734863362857, 0.006997697938567332, -0.06761198261669699, -0.05005918294251082, 0.06583817670631617, 0.05111096503777554, -0.006609759816289529, -0.09596430645430716, -0.05135805453581752, -0.047630331761172956]
[-0.05053758435436684, 0.05153107397652121, 0.05282679716246738, -0.09453625761503864, -0.031269208177953936, 0.08207351039657468, -0.05491395165297193, -0.06199581948899056, 0.06326806831297699, 0.014894582386499405, 0.08076463834588274, 0.017034378230324013, 0.09906869068653121, -0.017814522239089345, -0.04449321291142157, -0.051045975122557645]
[0.08753601516333018, 0.08725445700553505, -0.04329588463291452, -0.07431972481664884, 0.06927874128008923, -0.04723165038454864, 0.08840607103140272, 0.008302144378444717, 0.08464785641388328, -0.033380306469961915, 0.09212533403588374, -0.08654130049676574, -0.09666109584236958, -0.020506885141042305, 0.041628986076333974, -0.039455471355566867]
[-0.014852070135651957, 0.09829656173357679, 0.048352256907182145, -0.051210234071412924, 0.04225809650917836, 0.07571210268825829, 0.008732683538281341, -0.06796371214107291, -0.07411230038169314, 0.07060481740091756, -0.006154925262304656, 0.09226316995049541, -0.0834204165600942, -0.0323692008195009, 0.09380087255046282, 0.0719828365620889]
[-0.09250736610548485, 0.0036687121364482322, -0.06914980844384162, -0.06200359237231166, 0.016297125949964353, 0.0647613528265075, 0.057431115947847666, 0.015134264495408556, -0.014368971594151597, -0.07751980816457654, -0.052959949275233204, -0.011005486612868182, 0.04107611842847908, -0.07914880777661029, -0.08648728945611435, -0.00990603280111435]
[-0.03643259438945555, -0.006662333415253935, -0.057122194919706895, 0.04120804113990281, 0.00010136200762780878, 0.09598883166446079, -0.04869519970497878, 0.033256276264468615, 0.09715681738227142, -0.03752207289405751, -0.01631870800892983, 0.06417926788676251, 0.0951148787241771, 0.020659544486574394, 0.07119599842715119, -0.03684039486823153]
[0.017258283867779417, 0.08922405458895435, -0.02267759624478853, -0.02762325293835062, 0.02726514819523787, -0.05041825456086229, 0.018536272970433365, -0.015431061235992444, -0.011799060037904943, 0.003026629534233674, 0.044224296652156936, -0.033901500610267976, -0.04466338355744819, 0.06180364555695422, -0.07048188262219635, -0.09294301220794406]
[0.08712683270442528, 0.07198933561384421, -0.034724831302136314, -0.01299821288240062, -0.04769086737682813, -0.09598035504499013, -0.009482705651688114, -0.015543317660599021, 0.055862064328303485, 0.06547536530931194, 0.004093773217282132, 0.06680483361400438, -0.05741111784186841, 0.05321241712880756, 0.06652013473748106, -0.0723075565408809]
[0.02989137864259389, 0.028399054942241347, -0.009464930390835874, -0.01715405332413636, 0.02487884611760645, 0.038943963854761565, 0.034888882202579075, 0.04164065175184278, 0.08629337433536347, -0.014024887702939345, 0.07195834489698441, 0.06002741324956065, 0.02373301120289513, -0.07466065677703759, 0.012740385347922795, 0.04361582382372203]
[-0.017747722526645984, 0.06457469564122789, 0.05350815803363412, 0.055560129494151705, -0.0690705275243492, 0.012587762596910593, 0.03260714769439693, 0.04922612592383174, 0.06494525787516262, -0.012320702813968312, 0.018090871364940433, 0.08771815783949055, -0.09133094006986281, 0.09830140263490755, -0.09620924901635074, 0.023338682997686558]
[-0.06447376497315072, -0.03371550397364047, -0.08290881089921959, -0.04648291045126234, 0.09044684819652493, -0.05220346560079092, -0.015215269153172575, -0.034679496382013994, -0.07882111919687025, 0.048903876455857975, 0.09693536156263835, -0.05429171940895301, -0.07003394136685402, -0.08536462204209859, 0.031177244964223444, -0.007904062273953502]
[0.03295395514352378, -0.042001871604510126, 0.0091005767759013, -0.026365849948166847, 0.04482205179593193, -0.008255608604680442, 0.06627952757559863, -0.06506769253743844, -0.013238494056623987, -0.07209507363210899, -0.01436962637432962, 0.07933351976767711, -0.007824650265625371, 0.043626299232900484, 0.062272290899326094, 0.07511800137935482]
[-0.060941641909662406, -0.01960864549007728, 0.06282251300693709, 0.044783865186225125, -0.05761456174914292, -0.040542940782486575, 0.03607208948805998, 0.07726920819686897, -0.004867319542499443, 0.0772824817979883, -0.09183085993366694, -0.05613999184283387, 0.0233134407933889, 0.09919229839708596, -0.09958279576328705, -0.05238537962991128]
[0.0528755766699302, -0.018772977688939416, -0.0507952535697751, -0.011923126725634961, -0.09158366942756829, -0.050629593499913056, 0.0014764738122287902, -0.09113619569996614, 0.04431771852016267, 0.08867814084471112, -0.007988746930831445, 0.015067632097237785, 0.007894093521743306, 0.077471007900875, -0.013751203865997527, 0.08023034894334574]
[0.034111189584470236, 0.018895111544363158, -0.036238816834817736, -0.025265518687310196, -0.04225778491519159, 0.03293627545841912, 0.09195638056058117, 0.07342271813002485, -0.0876413020997382, 0.07593589694166264, -0.030882523722357932, -0.013314737440605517, -0.00982934434109868, -0.0359166636850909, 0.013329022968304918, -0.025786962581114792]
[0.06882575908897967, -0.06946980565141606, -0.04812446901958048, 0.02199436158099008, 0.015870594650748734, 0.03438777570670465, -0.09656382715306769, -0.012374315444796918, -0.008363377892489823, -0.06149202926720332, 0.03211700996592037, 0.058862653783346125, -0.04093483635623368, -0.00476176410655807, 0.05445017834000132, -0.046534984633341804]
[0.0973085327126538, -0.0005590214979463298, 0.011687936408354374, 0.06821709580536539, 0.00570455894662536, -0.06537467513518871, -0.022589209375157765, -0.04788220536046017, -0.09757737520373871, -0.08702045706266502, 0.07208478933993653, 0.0891523259711142, 0.0384665885159112, 0.024085636463361634, -0.038102610177495166, 0.021573206051050953]
[0.06238199729036353, -0.07089435687147104, -0.0667412852236978, 0.007465031193809479, 0.07650264113414154, -0.09564192604091455, -0.012198575851579282, -0.057502860839800496, -0.013931334131864606, -0.051800827792691975, 0.002313765421725081, -0.05419935092922537, 0.08621317915336876, -0.0006782714608632584, -0.01715908480204667, 0.04101618278159894]
[0.09735989470530357, -0.09496220979369137, 0.03638859677863457, -0.015794540139289562, 0.046961582766319815, 0.022617998625274693, 0.029657833043090887, 0.05051040398167128, 0.0045000769379785754, -0.02792337905715958, -0.07555846644951061, -0.053080099085012836, -0.09017107866186627, -0.005937886827913963, 0.003412931956974702, 0.02347961366221482]
[-0.09401460733589657, -0.05711199426235101, -0.04942273864129585, -0.05492001122672219, 0.03968453530873639, -0.005858229900834538, -0.033158523045007424, 0.08806808571883662, 0.009724010477626471, -0.026698500344465595, 0.02773953405744875, 0.0987300625480299, 0.039279266339899255, 0.05894277806879966, 0.043210016133327284, 0.0381793839081698]
[0.05838107562206277, 0.0059623564539177665, -0.08903569098396046, -0.0907021293121805, 0.004823271803901741, -0.04760726740683146, 0.01813677825181252, -0.0965668743577298, -0.05332422599046685, -0.019082770102363478, -0.07940488568490514, -0.05738816159267395, -0.06423659497113685, -0.08231647714667718, 0.04451664578546996, 0.0901629095429772]
[0.07294685832565886, 0.05898780448147986, -0.04754798476414515, 0.05338282224941601, -0.08632224286288603, -0.020730960612225707, -0.07077571554351035, -0.06324740057459717, 0.021215128634702235, -0.06518813037477394, 0.07112665481739808, 0.08827198269846248, 0.009882006954173267, -0.08086971159655885, 0.06839052419779254, 0.050246416586794546]
[0.028027363191942378, 0.04696928708597206, 0.03624236710851045, -0.052342724755052195, 0.03299267513009807, -0.08674656924925797, -0.000892939564178491, -0.08842571404518083, -0.04097766397498712, 0.06606871963000405, 0.09661070343351519, -0.017719692318203098, 0.00511755717353124, 0.048081369764456344, 0.035903791344014946, -0.015940112542401935]
[-0.08239366730806777, -0.0016026078106476105, 0.03292932265459669, 0.0351849350397693, -0.05052702679511931, 0.05189274409880146, -0.05770119872334725, -0.04823600114820743, -0.04775689152113625, 0.032697501673926876, 0.06428702092962732, -0.06083092709500204, -0.07661998669457395, -0.058012920308457686, -0.06944779438454148, -0.07820256947583114]
[0.030834140747475425, 0.03484956302630457, -0.08547656694910494, 0.09384157748610386, 0.08542816720272378, 0.0035105178886538912, 0.0735664101642094, -0.05814381260613153, 0.00193794467437311, 0.02794931307938764, -0.047616382435663775, 0.03287262227560167, -0.0184825608039548, -0.010036904265195101, 0.020476610607596674, 0.008789623053190782]
[0.07615131714826037, 0.08663315871074218, 0.041971552740739465, 0.013028357664126688, 0.07638803368726077, 0.07322011462833833, -0.002974097287024538, 0.026990005225361158, 0.05880002644529447, -0.014092173243505465, 0.008144685580695504, 0.07349954136014228, -0.05474063922802759, 0.06486301160101976, 0.08735220589558595, -0.08185263275905115]
[0.057347148739111925, 0.08377767344689377, 0.07274600831437311, -0.08621144919230606, 0.07229198076397864, 0.004535469224360697, 0.041245843020735584, 0.09341384644230738, 0.0957611233749433, -0.03997263486769145, 0.023475680256009546, -0.007986343595327502, -0.016033715273916865, -0.0873874520008796, -0.04870957365450193, -0.08348972156110789]
[0.08392751670513265, 0.0903449589449491, 0.06112339349022036, 0.035531928152104764, -0.09381861822878355, 0.0300408772305433, 0.0849161399192353, -0.09006733870068728, 0.08312188249186023, -0.05513907638769029, -0.09187833491321291, 0.07386470060246098, -0.06606427017838121, 0.0829934536988233, -0.024179374709345433, 0.08416448867465628]
[-0.08424564751613997, -0.051488420570528964, 0.04275190612455959, -0.008794801461999888, 0.06608327857632015, 0.07108012555051066, -0.001412326963909874, -0.0391465805004676, -0.09870641558932583, 0.07264749527450817, 0.05564187625042846, 0.038536019869772314, 0.050197159681043435, -0.02482584964071155, -0.004223886458677356, -0.0576546931588152]
[0.060630882862095226, 0.08231715796913172, -0.031314462726086734, 0.03696792285174863, 0.018249881648601016, 0.07131600385186837, -0.095512209428931, -0.017212602550867873, 0.0854432646147216, 0.05632916019437459, -0.08257988816365239, 0.051315984181951546, -0.028300356829739637, 0.018281935284301512, 0.07758432864983353, -0.013743301388392373]
[-0.0503207587865232, -0.05978090243634415, -0.027933300605791286, -0.03333292891486028, -0.046131182918755134, -0.01776069462668947, -0.07509627119302734, 0.08237549115005235, -0.09587338801993993, 0.03015896620526165, 0.06983823701796013, 0.05511274976996103, 0.02368171173119349, -0.0671447080825574, -0.011645520561350153, 0.07774602024171876]
[-0.03903609537595803, 0.09887947156625063, 0.04216934477827691, -0.04596834598047039, -0.018081085712736547, 0.0802527752893191, 0.06655382571428131, -0.09525028284657, 0.09524076155968919, 0.04607644857689969, 0.028259854583055466, -0.06314858068990686, -0.03029952641930045, 0.019862233132173654, 0.044614621497501034, -0.08238595768800859]
[-0.09615410953561412, 0.042528304941249734, 0.0067081872909090096, 0.09723760782809487, 0.061737790010520655, -0.006436456940633661, 0.0645191049241032, -0.08001557478581806, -0.07170325269050237, -0.07190171365002425, -0.007147995211894326, 0.09420708194493593, 0.06408164768342162, 0.02768031350731187, 0.03838683402839377, 0.04024087160582748]
[0.06004970910216523, 0.09348368435065246, -0.011190731975877236, -0.05069629826246494, -0.021955111787831244, -0.02006394393773611, 0.06309515719096567, 0.013098090940611387, 0.04362013316630864, 0.08053411579543976, -0.029742511972135052, -0.0649729881637793, 0.021220792986309925, 0.008185602075026013, -0.048869447055908434, -0.05829850205516978]
[0.00810434036503696, 0.09420100196328501, -0.010870805347187054, 0.0006208779090809691, 0.056270730873960256, -0.05736188230332431, 0.024481519281758235, -0.09712158293258627, -0.016549273804385797, 0.08649822985411912, 0.06117459836834524, 0.06941652989893643, 0.06956537348692185, -0.05975773054417726, 0.03639707377532342, -0.03788203542107054]
[0.06882831317602339, -0.047802327991492116, -0.015785871393270035, -0.08955428071746444, -0.0794354216298814, 0.042645700860124036, 0.07925291505511126, 0.09582293071260317, 0.09967203070823069, -0.07540990510685308, 0.012912865834959736, 0.046534767998444915, -0.015195383423356107, -0.08131056545444677, 0.041958286017719754, -0.01891281495279322]
[0.044331718373630646, -0.060592087169938205, 0.09655203642270666, 0.002818692585200691, 0.010365817863051907, 0.05790364686312233, 0.09944334374358574, 0.0009711793827155979, 0.04866360411260742, -0.0016804150835830478, 0.0986316963671949, -0.02410400433991941, -0.024848040028288956, 0.04547235301000738, 0.030948150858927326, 0.03959533330568912]
[0.016550135152451698, -0.07618481303545727, -0.025602005014164472, -0.055407041903272725, -0.06573952112653383, 0.07498414735386258, 0.03953154688016247, 0.03859876567251275, 0.009849443166516286, 0.018224969233424954, 0.0758987739413238, -0.0912806281720474, -0.06754736794416152, 0.05496151224045265, 0.08904669662252082, -0.09060002673130743]
[0.01938832943406217, -0.05584705412701901, 0.06790943614649134, 0.04467072476335027, 0.03388785426462765, 0.07388507601669977, -0.0027074990612279137, -0.005346084976668525, 0.0945211554708276, -0.07808709862777029, -0.021533640388249967, 0.06873571588721736, -0.06550531008885448, -0.01980827868085193, 0.07083052036106738, 0.07292660059159281]
[0.006363716398271463, 0.0676300874829667, -0.026500737380872358, -0.02430296341808033, 0.021087567722661182, -0.0008589445511903299, 0.004820633554129941, 0.05941694124064531, 0.006667724555854709, 0.010030931758757716, 0.04327092822446105, -0.0630174104422488, 0.03393596467677107, 0.07449767431756052, 0.08090748399518463, 0.04300417669438589]
[-0.06674766837529003, 0.09295307520778728, -0.04245341509498224, 0.023074823998366176, -0.06176669993966902, -0.06421054817790439, -0.05871965551090446, -0.053118407695517615, 0.07854235889574407, 0.020606597270156637, 0.0965275501251294, -0.08389888937791985, -0.08046666220044661, 0.07044688563325777, 0.09741045950970503, -0.06412378815544306]
[-0.08588849437528734, -0.09310866942910366, 0.037059026314631094, -0.018159563890996516, 0.01989334969079673, 0.012331651897775367, -0.08956008606776007, -0.034220616121396916, -0.09345531758000561, -0.04396272161574591, -0.006997184022002667, -0.01315150258021458, -0.03398122426281172, -0.016213281780419767, 0.019963579193468514, 0.02132709026428878]
[-0.07886098166207955, -0.08578962901005079, 0.08215879815723318, 0.027523969172966012, 0.044186219690402234, -0.05327629102208984, -0.00549932513036544, -0.0360865144564889, -0.03424757478310268, 0.01784241102309178, -0.08089353443530561, -0.026889580065381252, -0.06131560469235813, -0.07609964899141555, -0.013378646098959737, 0.03957319799842535]
[0.0783825593956444, -0.03458383921384585, 0.09839774645261617, 0.022065272233459596, 0.05947009074687981, 0.07543567354804714, 0.009763054051994763, -0.08887554794675244, 0.02064898107084434, 0.039988559285733166, -0.016787333864983683, 0.04600343219652411, -0.010236619816289233, 0.016352010496394426, 0.006653171366743177, 0.05889529398695356]
[0.09903543113128932, -0.02734105421678916, 0.08880756692621095, -0.0101511638539582, -0.07031238273230388, -0.004130033434521202, 0.040144566899071116, -0.01789197387575439, -0.0186126518396961, -0.026884117925875403, -0.023505649893898223, -0.059683445427346854, -0.06492789779128982, -0.0020156096245241006, -0.09211136070060655, -0.019616978383182368]
[-0.08227934645234772, 0.06245220941682128, -0.010051010601584046, 0.0392047563376941, 0.06461606053303035, -0.0040967631936111165, -0.08412780888529106, 0.0677372895437128, 0.07397185318378005, -0.004605307460613314, -0.084310304741576, -0.09731001920488187, 0.07912043929813481, 0.036465858907355486, -0.07191183778802586, -0.001041371251101042]
[0.0613492975804075, -0.03305699881880879, -0.04455572821898195, -0.056592256070851256, 0.026678104937530617, -0.050342576993613136, 0.07887185507190728, -0.04611511779251081, -0.05059321203763134, 0.057643280491122995, -0.0009101751014689158, 0.04133179430889175, -0.003472094859889724, 0.0977998739410347, -0.004071165932768059, -0.08913464084827634]
[-0.06715078602012536, 0.010872398069193379, -0.05722983968313862, 0.07519690208654137, -0.09545097731208879, 0.027999519996650346, -0.08372972781566396, 0.009377979329684094, 0.08297135610001291, 0.029517743918051897, 0.0768556440952334, -0.0750895281507401, -0.04712507788563683, -0.014742121019617943, -0.07721502559467008, 0.00539080110834278]
[-0.04027444910953795, 0.09466699647293608, 0.0736944784705218, -0.02218566940280324, 0.09132995423803789, 0.06948274448520081, 0.0002729176291225571, 0.00017504829129511013, -0.06340086488899008, -0.07312625963773763, -0.08156692800046568, 0.07806292698974013, -0.08362346041249102, -0.06343366784903023, -0.05777602223388576, 0.026490490448966758]
[0.021849637290581786, -0.05790975151655227, -0.0930302829986, 0.06936903566387592, 0.08791555732988629, 0.09733269925618945, -0.011974805818031925, 0.010018360043565447, 0.07008224230498145, -0.03258553792754347, -0.022629496161399795, -0.08411417789007403, 0.033751604170902144, -0.03333901567763667, -0.015984177644681186, -0.06178358465946894]
[-0.02676304405844654, -0.09238266959440884, 0.053752326640765596, 0.07207831197311071, -0.09346892325768191, 0.005790528615985918, -0.0957773756734502, 0.005572273664237917, 0.02527080485428962, 0.07233369229083336, -0.07371367544049093, 0.026285738616036863, -0.09688549910355258, 0.051707123011136086, 0.07376867033371984, 0.00877380744184339]
[0.06166621573379294, -0.016107896719670528, 0.08766754500903695, 0.07316694743082361, -0.018586094541722692, -0.09354127995520445, 0.09041421160252575, 0.06707339674746324, 0.0775335806600305, 0.09058253856952522, 0.05398286839178748, -0.06672030224077477, 0.0532439225877627, -0.06881853116891151, -0.042416728687086236, 0.006674140761788003]
[-0.09742138746732479, -0.08250610516563449, 0.0033394761861578193, -0.007183361696196711, -0.045778735476198734, -0.07758382919094949, -0.05465741582521218, 0.03896721394881261, -0.011658173301754199, 0.07255160663714405, -0.033924405685169454, 0.014086171749537385, -0.009454751761758404, -0.07347077169700172, 0.04645054962514511, 0.09027066788408766]
[0.09782771721844852, 0.0002494429066796505, -0.07553597265328665, 0.01035440745262102, 0.011501847442441565, -0.04907000801187087, 0.07766203959936352, 0.02203096342887298, -0.002652850030310877, 0.07167867961266614, -0.07786150266812089, 0.005301463021579994, -0.030009629558411827, -0.08503936115514124, -0.0405686848471527, -0.0714807634182372]
[-0.014646608948885878, 0.08610452079134995, 0.06445952758216456, 0.0357099632232257, 0.03677529001479646, -0.033529985222053665, 0.06331241582020086, -0.05420373319406795, 0.00013462139963453523, 0.06949177404878595, 0.07250064871683509, 0.08060787978133196, 0.06838663205560269, 0.010098679795435855, -0.013571776655749823, -0.006503348313968149]
[0.05159971859825166, 0.0806544070137988, 0.002913178726101112, 0.032425554103157755, 0.0583351513609392, 0.03621508281539798, 0.05496962586807427, -0.07224731979429254, 0.058530458029361604, 0.03929032280640027, 0.014270534165109372, 0.04703152803118876, -0.051442365643519096, -0.02450476365174603, -0.05844248025379733, -0.0637944100299533]
[-0.07082309032473988, 0.02313200331959564, -0.01812494245404417, -0.03474415538040816, -0.05775022220508286, 0.0771718083950998, -0.04676208805901638, -0.09441328708141224, -0.048604986977911935, -0.03059571423688605, 0.08065554241041553, 0.04668785118412122, 0.09958083970964934, -0.01462696833165493, 0.06877348613618064, -0.02114038172670063]
[-0.04841232021551933, 0.018695231858762318, 0.054455142295317116, -0.010448997646076541, 0.03833068985030799, 0.038531193836103594, -0.04948285525128931, -0.09288352241191725, -0.05117361261339422, 0.05404337299684356, 0.015619745758155987, 0.060568773819109856, -0.07812103640340365, -0.026536128482815793, 0.09826989654711316, 0.03647933814614529]
[0.04922186483307145, 0.09175114291265413, 0.0004187901290906293, -0.06762568355109463, -0.06001694194812821, -0.020470577476264573, 0.04493949974388439, 0.08716475025400894, 0.08443868779187633, -0.004478872680810528, 0.06412337457291803, -0.030001486750861936, -0.025605647438396467, -0.03623746530075973, -0.05566480332563646, 0.09465872230677522]
[0.059391936831404896, 0.035892964017493145, -0.044208235637075766, -0.07468651535543727, 0.04790598541082042, -0.0725542528684835, 0.036101984307440105, -0.0880145217857356, -0.0812991180714028, -0.06656386233142281, -0.0904644158832651, -0.012182334779910778, 0.006699357184854399, -0.03486200184418575, 0.07636858627350149, 0.016443393534974066]
[-0.07279171040783872, -0.07771769855374772, 0.018709563765794218, 0.07491927303709708, 0.01675454506413461, 0.021366158047760167, 0.08823831778138588, -0.07637439684214216, 0.07066879620940922, -0.06587307716159081, 0.0756177946188839, 0.00807110416841443, 0.07256074911307958, 0.06239755014139975, 0.08150446421764776, -0.07930590601078139]
[-0.029516992868755712, 0.00878514621456794, -0.04309903323743043, -0.08306629183866468, -0.00594443663700335, 0.07251241933194108, 0.07126145807742773, -0.06629089712180669, -0.08953928319989056, -0.022324462858507685, -0.08513584122329027, 0.038220671996539696, 0.05667963466290893, -0.08447916661194749, -0.057898631375356585, 0.010996061294281878]
[-0.013198343413261954, 0.04751676845654337, -0.053021097415305835, -0.0655957469268659, 0.020533524418613003, -0.07308934124392943, -0.07935577339412062, 0.03848034759867941, 0.09726969042739284, -0.029668445885406666, -0.05722241123227476, 0.07262078704204769, -0.06365280830948977, 0.007197738772546564, -0.011381809297433904, -0.05935066400324181]
[-0.02746069146139983, -0.008868788155743573, 0.07996129044023581, 0.05055917002123106, 0.009564285250651644, -0.09916196547543846, -0.005015599739691373, 0.054442510672550015, -0.09855481736412122, 0.06554868378434378, 0.08449544293806754, -0.09788785240962206, -0.09311794254630773, 0.06089939760861343, -0.0050754436683422555, 0.057622998805473835]
[0.001018344681853356, 0.012735629809368959, -0.030186158767496904, 0.0004784515040662657, 0.06055379172748032, -0.004566315708261964, -0.012821450724466416, -0.03592790891711102, -0.0992612436789647, -0.03831905647904495, 0.08830411720964373, -0.030709246961651213, 0.0800126301576903, 0.03766406808849326, -0.018088319830319777, -0.06183714652413841]
[0.0987371738755898, 0.036431382567628956, -0.041727768842111136, -0.07122634648062948, 0.0883771113379632, -0.033091732414388106, 0.058395072351270005, 0.06955516117068516, 0.07074026397062336, -0.08814253637209879, 0.03927855878486056, 0.07640985334102446, -0.007658136837098331, 0.09466445588387701, -0.015151051526600762, -0.07837826145953486]
[0.09687628160180961, 0.006623509349260148, 0.03119642316580712, -0.05798703543610924, 0.03942786904330292, 0.07671225316759053, -0.04479789990286642, 0.06786204810718108, 0.0875502652046963, -0.04157150945146542, 0.046171433986469806, -0.05976097734046451, -0.0230558931626281, 0.010820637973424585, -0.055050907819967604, 0.03300297974676064]
[0.08773268332185763, -0.06298076877159245, 0.025581857280351394, 0.05462466155119658, -0.024431858238561865, -0.06203284857329903, -0.00358485547456959, 0.08220372048205837, 0.07345297948893059, 0.04153558768017618, -0.005834251748072422, -0.027093229796695997, -0.014221133500178312, 0.07138926515030411, 0.0024056932845762657, -0.03918957979144555]
[-0.008240057503920623, -0.08201586061259954, 0.009977397195945745, 0.033727225406697314, -0.03140749956961768, 0.03374998089878389, -0.07700678135758394, 0.027605674540155917, -0.08805370964282747, 0.08542381482079309, -0.035927243621335064, -0.043082837425457, -0.0532705991326949, 0.003516277664035422, 0.045061439499792105, -0.013833678940560715]
[-0.05701471388211781, -0.017457755114621637, 0.08208627171102167, -0.016829716503948572, -0.02718060953722337, 0.024319013733931777, -0.09470237443490087, 0.04699178887068492, 0.0025199682904333692, -0.08691884598873521, -0.03541878882359782, -0.030662153760738872, 0.0344829832073264, 0.013431757386415083, 0.02054431043306601, 0.0844185752014893]
[-0.011568809488837387, -0.02679274166676729, 0.03241554644641481, 0.08172009438641262, 0.07675164026282419, 0.03556956066868494, 0.0307987598652798, -0.007991955048233843, -0.014308136878049618, 0.04798085988011799, -0.07393205835271054, -0.010895195185434872, -0.02520928625046802, -0.060729930584038465, -0.0330270728155133, -0.0031447151185109573]
[-0.03968588890238372, -0.0907781382858256, 0.06013388190758853, 0.05215670980878542, 0.06452172901017594, 0.06028786505066655, -0.08178921545517251, -0.0497824564032114, -0.04540249864027586, 0.04513081035083749, 0.09699084478098621, 0.053028294733307585, -0.0002699327329136192, 0.05112135828444811, -0.08366285070031979, 0.007147601660281208]
[-0.09764010672263512, 0.021091814078235196, -0.06619641277028054, -0.0713619704285259, -0.07962729474773203, -0.07989174709639568, 0.052248118712359126, 0.0005588279498897342, -0.09332064565723992, 0.01444993355167172, 0.05667965603262662, -0.07783481932150962, -0.04992333512539602, 0.03892490703804702, 0.006756184268374349, 0.020476819740805105]
[-0.07904724964649992, 0.059585108100401935, -0.06211785966535477, -0.09855175858777393, 0.06512867195088556, 0.07601520879782328, 0.035347147701167786, 0.06639054924728488, -0.00736006384026941, -0.035528037844525504, 0.06342261548240477, -0.09655914607643196, 0.016418031539516126, 0.028415214323927962, -0.05662098776803546, -0.0016029401367802787]
[-0.08779863649860797, 0.024353767602304607, -0.04741545177309212, 0.03833256240587876, 0.08482932879500141, -0.053350319453802975, -0.030305639440651788, -0.01738763108718637, -0.034561618036821215, -0.044764448563481524, -0.009308262187783217, 0.09445186285551743, -0.0034968080485375808, 0.07870727411374398, -0.08093575688184312, -0.08890188957795525]
[0.03301594525661419, -0.09091014622566569, -0.02358409367921388, -0.090339046747064, 0.05004597619088702, -0.03499992111959052, 0.007182730868661363, 0.08691048337065196, -0.028374529164653578, -0.034321636386597645, 0.0009950134796421761, -0.08987990111806576, 0.085379379925969, 0.07567295147767081, -0.0009614465767456004, -0.02414404267442534]
[-0.0003716869385618493, -0.032123656431718425, -0.04525585230899587, 0.05223120740490805, -0.08021282781610697, 0.015341253867396182, -0.09763917575979014, 0.0334334241516164, 0.04196278623627231, 0.07496776454386136, -0.04508121412657989, -0.0266755414239344, -0.0638242268429002, 0.07849600419518962, 0.0015830868133031445, 0.003369946404203003]
[-0.032827976870902095, 0.059355845764714726, 0.035573377784112514, -0.05184788347721756, -0.042802225029554046, -0.05412909037365943, -0.052741207658503986, 0.06725767425738724, -0.028124197625850944, -0.07013913427174537, 0.06634656096615707, 0.07648456033839021, 0.0072606932023992765, 0.05428781826988893, -0.08195200250369894, -0.09610965242676264]
[-0.0203852183498459, -0.05145809471852632, 0.066252875025127, 0.09063111139301308, 0.03953430472420788, 0.06100322885494988, -0.09248032865660682, 0.07382872329380394, -0.07536355408386208, 0.07509030299263894, -0.06578525406844482, -0.022451404960924265, 0.05710827829900342, 0.08256108155807079, -0.0745406960250482, -0.09187099095607343]
[0.013397978808255467, 0.03812714102824652, -0.04982303825135666, -0.06338620563057273, -0.0494990295808357, -0.026711128329448774, 0.03736770560371755, 0.032991180120634234, -0.09918509857374956, 0.012758399804193202, -0.08845451529483626, 0.029970010592093727, 0.0043612645596377425, 0.015907542533642127, -0.07508775009891566, 0.061645272073507146]
[0.08441744352372052, 0.0723702179395331, -0.018602416097365043, 0.041260541533577694, 0.07301407287699033, 0.02511779278226786, -0.01332711078657875, 0.03597575929402899, 0.07396931852088165, 0.023856827936417926, -0.07157344361233085, -0.09991655072831823, -0.06699656667852336, -0.002561229106377766, -0.04065242419633275, 0.060294512609495865]
[-0.0726096708582632, 0.016636383801837323, -0.08741505612087624, 0.06422960564613292, -0.07323462344196219, -0.0031260311373602495, -0.08662020488348361, -0.07929507574912605, 0.07612720350224281, 0.05622039596327888, -0.0038090516746781544, 0.09442083993126332, -0.07136164437041573, -0.053541086798127, 0.040121137073654445, -0.06730703673732677]
[-0.013161214010181818, 0.09349255150165622, 0.042694749913623375, 0.06994651466025029, 0.09477312891954545, 0.06104269376291485, 0.05077174025083839, -0.08427217097657934, -0.0539036427739265, -0.04872695012013484, 0.07428450379070625, -0.007702179808500145, 0.02541648459912177, -0.0754117133343437, -0.05411072477381962, 0.03758779770536863]
[0.03464831513553662, 0.05225668522240351, 0.06990945191433098, -0.05145204370290331, 0.0035384847127712254, -0.058730728789977475, 0.08530158724109546, 9.092132093937999e-05, 0.03515848302920749, 0.07270042398129883, -0.0026420461534887307, 0.040627792010887176, -0.08070873326658806, 0.09980074680290904, 0.002582253493869091, 0.009314199868157805]
[0.08633198601773778, -0.06635586142710287, 0.0816251167722043, 0.053663812138420836, 0.06204541082752177, -0.0263032011454557, -0.08801900412326179, -0.06695379590583808, 0.0746010090102309, -0.0014982622392214068, 0.0582824950958023, 0.09202568549068546, -0.09792266961541052, -0.08966037914114788, -0.04893417469923871, -0.05797162840075683]
[0.08808630428002587, -0.09564807577821084, -0.02472242918357867, -0.0040602412486511474, 0.03620788306083697, -0.047581667784060325, -0.06273840074404774, -0.08858352122722027, 0.07093288691524269, 0.059996842637537046, -0.015797002305217966, 0.05136453493573842, 0.03554523616117605, -0.0036157870957006233, 0.0324058734458304, 0.025435588688618088]
[-0.08267166786196933, -0.04060016809720712, -0.09517322362830326, -0.07941619899152091, 0.06559499307722724, 0.033924684055635146, -0.049960362013340226, -0.04331533215444266, -0.07033352968302951, 0.01815856786604024, 0.08754954407089821, -0.01889272680371641, -0.0847318063933402, 0.07896356167171947, 0.04024092386732142, 0.07297529000868677]
[0.0792143927703769, -0.09682392969842257, -0.01803304690361647, 0.02709980870837969, -0.06405641179714486, -0.048349210408502576, -0.09387349846386489, 0.060727651726140724, 0.061254981888388405, 0.023401248566420924, -0.07578781727512125, 0.0751906163816366, 0.09837301146100677, -0.06841874435367218, -0.09934781152894501, 0.09200632339551926]
[0.047427639891243156, 0.029797179602133433, 0.02027340805317393, -0.01804743907814528, -0.02094728554903727, -0.03654796634004513, -0.0714239967334221, -0.08611195167568327, 0.08998205562566794, 0.09702052831569455, -0.0028369033347325906, -0.07424946054324447, 0.025377512686418496, 0.06118435863659685, 0.010724838062199663, 0.04638994913875896]
[0.04815615389177444, -0.03972775622338296, 0.05090934333384517, 0.030549400497650175, 0.06783957246827418, -0.005181876313596748, -0.053160089720690466, -0.02367378361773273, 0.003960474309206832, -0.007539542363555002, 0.05889161630857623, 0.0673413875473527, -0.04185977315091236, 0.046854920295877456, -0.021461619340133756, -0.09612486523934907]
[-0.03210372554814578, -0.04813460060531689, 0.006784227265563866, -0.0471304700861432, -0.061217569387215565, -0.08581654843444003, -0.04254656211285224, 0.06698343512271202, 0.05289106018513565, -0.04144490032501511, 0.08830081077511454, -0.07189521794877003, 0.01499441179023582, -0.0005054458703626918, 0.030209804357630266, -0.0978602698768098]
[-0.03411896267364671, 0.07302852925118414, -0.04608796185657187, -0.031278506822667335, -0.09819757324699396, -0.08119467156926521, 0.06693617197633503, 0.028612774651093242, 0.03436658599774828, -0.089892044856784, -0.09028704310029892, -0.0021882011378279442, -0.048226567953255375, 0.045941434634561046, 0.013474654753118334, -0.02739097228266714]
[-0.056950142417995564, 0.06821845614555747, 0.0019233964610791132, 0.038892266710352674, 0.04304553616049228, -0.014117189179253004, 0.037366746757667324, 0.0064161721081759104, 0.044583100294414674, -0.0153121040587825, -0.017381850667746335, 0.030843186077054163, 0.04477093007447103, 0.08419512498149229, -0.0968992559123741, 0.015898491719260416]
[-0.06151112230582974, 0.04711052627844692, 0.012469791888778795, 0.022574022349773043, 0.09193870080523928, 0.06382478775786124, 0.07927556272479949, 0.01779288484266557, -0.002037554995735477, -0.0014685360994482338, -0.061948223526370506, 0.08267908316657896, -0.031677656325017206, 0.07349680403509351, -0.0013113987153356294, -0.018855425987865465]
[0.01962091034701212, 0.004561393929869789, -0.004705759004499946, 0.08507042308805887, -0.07078995703493657, 0.03690306952270572, 0.060725039816678206, 0.059842199559692694, -0.035778666544245843, 0.07392375709939852, 0.07619426929538795, 0.013191532086551591, -0.04790612475215992, 0.07899574386172864, -0.08039109706692592, 0.024527337056448245]
[-0.030970382934888963, -0.04638698446097585, -0.008912213446405401, -0.061537581626877086, 0.06472333136858235, 0.019754939747962608, 0.03606629716380777, -0.0908625401931489, -0.04780615661319983, 0.09748809954682855, 0.0940394309068214, -0.04781181467973364, 0.03956834404031856, -0.07001655631503567, -0.0956121287257183, -0.02735599937822146]
[-0.003032988070857612, -0.016383671197401695, 0.07129256862780228, 0.0656707570583839, 0.010848503656097908, 0.051799610838816235, -0.09515361323381116, -0.07420140245773743, 0.04343815868348594, 0.051721120794458536, -0.009820753229061882, 0.04059644859408704, -0.07638237642197619, 0.042275509501696173, -0.04126787169616935, 0.045235072345909955]
[0.09876228210846769, 0.06901414352743962, 0.008354557331383058, -0.07732902251441592, -0.016868566159535026, -0.09057868665060645, -0.05091185280542243, -0.03636569200283604, 0.08110191866047703, -0.05929547235518271, 0.06852897189112525, 0.0695739999991773, 0.02179567111181069, 0.03981958828137391, 0.008221750918598558, 0.02322242573875548]
[-0.0038596188850141128, -0.042286853415330075, 0.09298391800276046, -0.024117137685443477, -0.0629398830887167, 0.0078425347090052, -0.029783034724299356, -0.0549786434595764, 0.0150951196517293, 0.01971428875788675, 0.027863206054639045, -0.06901328388842982, 0.003516010528328256, 0.04622373462700666, 0.022827068975182496, 0.02407223807583317]
[0.07300779225608645, -0.08370283176275149, -0.006425477921625289, -0.07040358552096711, -0.03712122342061959, 0.05383726658874052, 0.048349091426651614, 0.06397538990649629, -0.06900621482738066, 0.011723641086994863, -0.016258060148846537, -0.022588896623497126, 0.09633049987613604, 0.054414494455348655, 0.07654708276709973, 0.038193530620408894]
[-0.09229095315522054, -0.011687076177577763, 0.04210075745532915, 0.059966328176221495, 0.09274513036641216, -0.03789211987515424, 0.05449183031694019, -0.012664083629398998, -0.047625038272463144, -0.004694299295422172, 0.01933012100751455, -0.03546835715920338, -0.006640794268701386, -0.0823169688647612, -0.09856966533436456, -0.021718492892951774]
[-0.059074654587468016, 0.06708602628596139, 0.038608457983438316, -0.008197738495097334, 0.006538638891899012, 0.09117022303666639, 0.07903845780397675, -0.07097550519531565, -0.02328146700338321, 0.0388931190615919, -0.07611530285661763, 0.005690030490015402, 0.09006084264169664, -0.06986441749480342, -0.07978910916541163, 0.05794965528723603]
[-0.07066890317077577, 0.03385283013872936, 0.04979982531937305, -0.035725552054577836, -0.07118017667192565, -0.09795350159799146, 0.07376544777468003, -0.005769107611583807, 0.07413149704658017, -0.02486536895939337, -0.08926438626063059, 0.07504054795391643, 0.009715627891740825, -0.03683358115960711, -0.013144450416081366, 0.03360601304704505]
[0.030299786819428853, 0.016430526714931573, -0.032339444008642845, -0.06222385343008503, 0.06722131594466882, 0.06464392968460417, 0.006485416284337672, 0.020128618359681688, 0.01261167815964541, 0.0945440894344966, -0.018870364749800833, 0.09606317173440418, -0.07689643664946118, 0.0806034452438251, 0.09862667688479801, -0.07825049324773597]
[-0.0591181038287977, -0.00961968377667606, 0.00287576807956387, -0.022895665903786264, -0.07709886953481371, 0.017923464028983843, -0.0975396604537961, -0.091504937427479, -0.08172783966403015, -0.05819643040379148, -0.06272465918787551, 0.07979337196459646, -0.029063752605047885, -0.06326030829952345, -0.0882550203618312, 0.021458043891361453]
[-0.05781057092900173, 0.034618054504521684, 0.0781292243921235, 0.09976942150849086, -0.033054828489176846, -0.016907484512125717, 0.092156364224568, 0.08421443315285845, -0.020593707022398045, -0.021902243445077366, -0.006066122280903169, 0.08962778764305554, -0.09438620515835205, -0.014203425279179241, 0.09159101783178714, 0.0987309477363992]
[0.07410314188153083, 0.004915257333707235, 0.03591677457475245, 0.0428953405705256, -0.06292648972211506, 0.06584631460869564, -0.09670954011819317, -0.08894115835944137, 0.06458050011333968, -0.03785265821358541, -0.06129907359546665, -0.09807494577243835, 0.00958807657803648, 0.030437881245897358, 0.052020210573399533, 0.09261165805304891]
[-0.023854444664211674, 0.05426778630629123, 0.03688037904425004, 0.05547151177876761, -0.025115141636953858, 0.030965509043020145, -0.0757848571442945, -0.04507008725999689, 0.05700522615221551, -0.06992902386251716, -0.032404941246148886, 0.09995166561340316, 0.06467103644223204, 0.05187625258500736, -0.07092259925988104, -0.06781820024592475]
[-0.02423064110977216, 0.023563200544247126, -0.08619636454583955, -0.06467105344661467, 0.07326291330478146, -0.018927879769877948, -0.09636975334949978, 0.0953784874329402, 0.0386074206002579, -0.0560694948083299, 0.03503169697197034, 0.0648672620756649, -0.06072724914835048, -0.03719099114858364, -0.013961095361737202, -0.0003812626338428188]
[0.05222378424781543, -0.08025431691590286, 0.009439857642524571, 0.07101611875426139, 0.0015083835938482643, 0.05199848494689138, 0.028523853260973453, 0.097651356145778, 0.06311739558023644, 0.017328837621150964, 0.020221538867727887, -0.022638039167603458, -0.05866834810375741, -0.09686871841334076, 0.0013332025374261092, -0.08068590235261595]
[0.09790106583964167, -0.061439887255538506, -0.04122449555304708, 0.07486732071070967, -0.02102085019559788, 0.09565045640860911, 0.09976565610644314, 0.0033201449212147682, 0.019930749009845455, 0.004594742224314635, -0.04694092514507478, -0.09180813812370688, 0.02044722313120176, 0.061281863969121164, 0.08865496852172694, 0.08521801181912722]
[-0.0013576179202741817, 0.007978213656377006, -0.011586516027276714, -0.048368291675095626, 0.07905154814547313, -0.08080118560954136, -0.006876295637172208, -0.09590627493692612, 0.0037610930235596196, -0.08570998040965479, -0.09061820089679462, -0.028326088746876518, -0.016706364751306463, -0.05940597388986411, -0.02837894664888445, 0.020846375036142867]
[-0.07741615523377471, 0.08230234888816187, -0.05197953121480097, 0.07576057116795473, 0.041569280351149096, -0.019860212583899334, -0.08010720814576017, -0.043178404011754636, 0.04759980128723909, 0.07366570341737186, -0.022856547568449098, -0.042357612237122116, 0.09757073179331005, 0.08499423528895608, -0.023974359327640582, 0.07501204879137444]
[0.02954278166132865, 0.0002978460935006144, -0.04577199598048609, -0.0895190316559173, -0.031704542965391866, -0.06337991597806822, 0.036268029830998444, 0.08634585627813077, -0.08976064152301487, 0.08041422072029689, -0.01162375519922762, 0.0988354580158611, -0.015071021010798963, -0.05218919458336906, -0.030913146771042135, 0.0008244957432767402]
[0.009246023297515338, 0.004906824853153774, 0.06426356185844859, -0.06341066476627291, -0.03454776729753327, 0.06596117803310134, 0.0014112026225612528, -0.020325209377380693, 0.060826522235614355, -0.08362570599239204, 0.05938824292315198, 0.061922062383448634, -0.07899873669212772, -0.03264671003180611, 0.02068591993264282, 0.018282561795477714]
[-0.04249026829487917, -0.05261586501653537, 0.08960112886969798, 0.014195923373304109, 0.016669445181631423, -0.0609232713178528, 0.019156561556174248, -0.0006409991889505251, 0.005351025912295013, -0.03269114243190219, 0.072318945725375, -0.0237078890434346, -0.04728941919474188, 0.06595708248475018, -0.04656767972312939, 0.020950459991591647]
[0.09476710875092559, -0.04304631404507247, 0.07108534301264618, 0.08680239141987772, 0.09789430098181415, -0.04224795499576246, 0.001413496019055674, -0.04326801816948636, 0.08929017515254878, -0.06383665939203584, -0.07557361340966072, 0.05328803410008601, 0.04184315230123323, 0.05400878972360815, -0.09897966767211999, -0.05382946923960002]
[-0.06891379139292048, -0.00019169597850528242, 0.08651232368328463, 0.019924971731640984, 0.08819279272747849, -0.07802263679693472, -0.0866413051141089, -0.09589511008400949, -0.014280654234177723, 0.09576841813739201, -0.022424817955408738, 0.05537218052626555, -0.009757534167744053, -0.030404236726399206, -0.024113715837098135, 0.04606449844222124]
[0.0016114544873977177, -0.04160414014678, -0.05151579950654861, 0.06245052348345173, 0.017976889107364835, 0.04681237528333351, -0.0541421556233203, 0.008561101425962933, -0.015300886528090807, -0.03406469294892481, 0.03992810684572434, 0.00010070906271444913, 0.08327992439452767, 0.004535745438150579, -0.0010240637046156909, 0.074699048963457]
[0.0015355172011456836, -0.0816290033342141, -0.03128059394714443, -0.07370312995118067, 0.07078124885726692, -0.004194038208082063, 0.007347948517847397, -0.038923618507444774, -0.09451714191601393, -0.03622426186872066, 0.06726443106470678, -0.06995245588229382, -0.0030511735848467725, -0.06820133535621528, 0.008501207383077691, 0.06520044642913786]
[-0.09853486625130187, 0.09623027646799542, 0.090414733613524, 0.073833510222373, -0.08093568561585385, 0.07570409304596418, 0.09124990098904118, -0.010949979305219168, -0.016745092352007565, -0.051855997042812185, 0.07369484999169373, 0.03372104065144163, -0.056638723531235495, -0.07714185209098637, 0.06641036654933044, -0.0490771350629565]
[0.0005046367582158123, 0.010029986148214237, -0.03071252804235962, 0.05962908490634808, -0.06649466661217332, -0.0877314750565613, -0.09987050012050708, 0.07071387935986151, -0.06427414523750719, 0.026008676357580807, 0.0771478037712901, 0.025148672041772763, -0.07583885127405302, 0.06986347095216272, -0.0631426376695649, -0.07227721302698496]
[-0.07705568995839812, -0.007817187689754992, -0.029769697081152888, 0.07681164152323769, 0.035522370179134954, 0.057619924074386625, 0.06387290491742756, 0.07796062322115216, -0.06952397224178433, 0.09264967848355937, 0.0063572464753652025, -0.01062906854584418, 0.034970478243879555, 0.029719942536274135, -0.09781997188658394, 0.01965953335777508]
[-0.03497404834173028, 0.024098815062916473, 0.013179080896686485, -0.05044007053159978, 0.03603547361837278, 0.020977498158824215, -0.06782199451477729, -0.0708506116370613, -0.033043092183534184, -0.007018216424041587, 0.0524949818665181, 0.009820416351010858, -0.09722078447436876, 0.0534038962895477, 0.04522164069966922, -0.02013360414050258]
[0.07097818434927039, -0.0806036000580034, -0.055140149801094766, -0.050476335995475144, -0.008632966426627212, 0.05824601243477967, -0.050804098116774915, -0.04896248533952796, -0.059886953967194435, 0.06658183315415755, -0.08574740940940584, 0.025728328722038757, 0.09906471082565191, 0.008722566572097135, -0.049061781734477394, 0.024459707369829345]
[-0.07011586714182089, -0.007031427024680334, 0.044318514501419104, -0.0863495169404943, 0.03940964732872862, 0.04918234958591214, 0.09059383367819254, 0.02460971739315354, 0.0655380109289613, -0.007609446619736032, -0.08424540605689637, 0.008718576176411835, 0.08363447254788078, 0.007676260127803564, 0.08820532229108458, 0.08196542506376195]
[0.06568315292856972, -0.05719993926587894, -0.09686935981342121, -0.03986215405321974, 0.05493052127368156, 0.04065110379740228, -0.05230926532043467, -0.01814567935035863, 0.02827488704466613, 0.001996287654620274, -0.060297106470860284, -0.025808688776462904, -0.06693925997894307, 0.03872383173105917, -0.08840872395283812, -0.06952943830028802]
[-0.07894158011430166, -0.06336960612463223, -0.017245995280080112, 0.027362764660807476, 0.03107656680911322, 0.018053154991848924, 0.0730483982186042, 0.07861316392390502, 0.03234767558556334, -0.07128375808407561, 0.009347456846829957, -0.020727313346681847, 0.05642108925555808, -0.027925977159513934, 0.09832597983771937, 0.04974692409165282]
[-0.0485957002834021, 0.06792037289114916, -0.043895613839679104, -0.06595262918674563, 0.023672865229547008, -0.07044082011959729, -0.0012514391954841358, 0.09772399484610914, 0.01617789288588864, -0.01199057923507281, 0.02878188079836616, -0.09754309008114888, -0.008485155429154151, -0.04721714308647865, -0.08478903112241361, 0.05929738979458701]
[0.04374615480672789, 0.05741654935759308, -0.055976399314658254, -0.08657127243394752, 0.021041414325825028, 0.06813716947238366, -0.02027416427879973, -0.006033105776454689, -0.012200955065381852, -0.06053978172198196, -0.06899495944741248, -0.060293343808373145, 0.0736449591098367, 0.0029296116133457895, -0.04783357877294436, -0.07112637888692226]
[-0.08061499901331126, 0.06459777152950141, 0.08346690994428715, -0.07045486104075183, 0.0058201048996028015, -0.08365937340189651, -0.009991455980584624, -0.00031222127079069684, 0.009783409841407686, 0.08161189393003462, -0.05781315450295432, 0.029991308007519202, 0.07766622204580695, -0.0499381664748259, 0.025383224186579068, -0.03797482482868415]
[0.050105908668718974, 0.0689962152275588, 0.08439423443023014, 0.04994245058948196, 0.01487046249239013, 0.046532636097416924, 0.0997332851207498, -0.03863662790802187, 0.06830786597163571, -0.02552346753190622, -0.04243491090991665, 0.07749654544081624, -0.04463555477275068, -0.054007451943963926, 0.06446303627641145, -0.023253241498306015]
[0.053710380693529125, -0.07319448130854367, -0.08897979132051698, 0.01249496806501424, -0.019429968852236662, 0.027178796408287798, -0.020353853282179313, -0.07871078205380587, -0.061293862174541074, -0.013367905816046036, 0.03420672119649332, 0.045157333559393636, -0.016411185486524385, -0.09697182491804764, 0.071332699773587, -0.07176126823700456]
[-0.008388276779041748, 0.053701911473279185, 0.09477395779625372, -0.003951604206331158, -0.048546224711218305, -0.07516711905487215, 0.0425844683602479, -0.02807113989959724, 0.02266930917520578, 0.03231521783931818, 0.05398636080365618, 0.08071055549585546, 0.03432149117678371, 0.05639490682312029, -0.011164461587211377, 0.0077963460462932704]
[-0.00971764968091278, 0.013969469214748925, 0.020386985391117524, -0.003446479676229991, 0.03361709598202248, -0.02411993719640053, 0.09854842107102668, 0.0764457566943417, 0.08805412738968899, 0.09544573758203098, 0.0632683732111354, 0.054674341601373716, 0.018715043253037633, -0.044404461388819844, -0.05242416540511596, -0.006377098931245315]
[0.00788355251361987, -0.07224205661811907, 0.08348821149071362, -0.0007003577079803397, 0.03918337121594767, 0.069979657962774, -0.02517900078268842, 0.08820748566236, -0.04654581567101617, -0.059281085950789826, 0.023121442419459945, 0.035824661783276424, 0.09208490456307655, 0.0050515744624609615, 0.041233116320146646, -0.09520419503896349]
[-0.006937245826589972, 0.010459528249891159, 0.01402255656240134, -0.042267291536717204, -0.04059097452854337, -0.06583771691415774, -0.0012276422454213093, -0.013727321918939508, -0.07309714303061302, 0.067783156178094, 0.03651717713601907, -0.09585453315982578, -0.044018950353659575, 0.010686930373737802, -0.044607750119650215, 0.022128847800274826]
[0.03445957410498579, 0.0845737391123205, -0.05226844278989502, 0.09888533565933408, -0.08818668940381613, -0.060004822504633216, -0.07873090932411009, 0.03166995611184331, 0.008878345758474612, -0.0392537865797626, 0.0669730317341298, -0.05785929134861283, -0.07025620969011526, 0.06872757000689797, 0.05263987221893035, 0.03503521160092163]
[0.09022979090057437, -0.07774178802522752, -0.08210196804996545, -0.09607057761820231, -0.03629979434956525, 0.027854958423558646, 0.0996294350304853, 0.048791836899116064, -0.053275933044556405, -0.0369470476979539, -0.06837559446481452, 0.04393679490502905, -0.02024603645045102, -0.007218276456527464, -0.09237180115136308, -0.0500635728555233]
[-0.053622065956901756, 0.08152603499225444, 0.04155885705906848, 0.08371021523499139, 0.04139388295934773, 0.07921950000427766, -0.039090191327886825, -0.06326990157386547, -0.007262235229443761, 0.052336330977413165, 0.08215774760818681, 0.0341928072500729, 0.028621425245180132, 0.08327937416414513, 0.08238575331904971, 0.018488666636029577]
[0.04966182254233176, 0.06284345854083048, -0.06971695991036123, 0.02181242567242174, -0.09106636078869697, -0.04001594863303231, -0.016377821025474512, 0.09739497315585957, 0.038183134173147115, 0.07988144088186619, -0.0850860891689764, 0.05747635480980692, -0.06049594186198329, 0.004555021486862348, -0.004122268066959173, 0.08295338225868396]
[0.026891029204500705, -0.04155586409679873, 0.027667902108357456, 0.03627150466269549, -0.04224804562127254, -0.09118492575496087, -0.003487604770153155, -0.051880635953828906, -0.03171890767651146, 0.04563452652771699, -0.08977180607082909, -0.029389510908038083, 0.028148214310082104, 0.07946723893417285, 0.008983276588787434, 0.06587809346019799]
[0.06992534526337679, 0.08309761249417433, -0.009146422183714573, 0.09929228465449783, 0.06601344638340531, 0.014800019732397016, -0.09287629345582465, -0.03724413905833039, 0.08891536964726118, 0.04871424774289679, -0.03471150310268829, -0.08855857795417783, 0.07386416154845207, -0.0038377064996055477, -0.06348650921559848, -0.04737526290607477]
[0.039729857804342766, 0.09494599551454033, -0.07303619082892704, 0.06638153096706012, 0.025197083847352503, 0.09121124044263745, -0.04863752789966591, -0.06493872091888893, 0.09419366737196264, 0.052690556353006596, -0.06970003020702997, -0.009351571422230573, 0.09415529401787567, 0.09007032949053514, 0.0805213279523864, 0.019015778026254676]
[0.006725328856931181, -0.008042309596108563, -0.01546835077957473, -0.021279221545019794, -0.08341993414326328, -0.08155630404798796, -0.023297049685886723, 0.07339488428478391, 0.06425185472547723, -0.04400438779658207, -0.04572296673324108, -0.036078286481111665, 0.0892377680634609, -0.028808904848007383, -0.09312170667160027, -0.042333155376912956]
[-0.07315314993390971, -0.01401318699373777, -0.012202389980927264, -0.0099716080551501, -0.012836521606609308, -0.00290085950373635, 0.07188898424247972, -0.07754193995887355, 0.06841283979907772, 0.023435749373590983, -0.014438845012286386, -0.004695751401348855, -0.007453660683189159, 0.03824977410792976, -0.08413371529501856, -0.042010186085234415]
[0.009644049738680271, 0.08451864602079398, 0.019941405101363704, -0.029482411683165635, 0.022296839176618136, -0.05799430788395721, -0.050238982636849366, 0.05549644629036349, 0.06481638311092225, -0.09907045897867961, 0.031522094947928014, 0.08582078327432985, 0.04951718660952681, -0.04892429704756174, 0.02126985142361762, 0.026238459992333957]
[0.008778239216758688, -0.07984500764214655, -0.05346849747356428, 0.031801043502292625, 0.007600910860397936, 0.047893422424767934, -0.06232817348998781, -0.07117929978160553, 0.03876974551684198, -0.06606852379738407, 0.08818565892242955, 0.03602904557468567, 0.007210639166442573, 0.022419972000404867, 0.04895902024520099, 0.033114154166699356]
[-0.025161598408857608, -0.03273548275116729, -0.08010202872786508, 0.037711705269837664, -0.09430132793305249, 0.07684806258394203, -0.02424110935097823, -0.08843675534066475, 0.04403318310898352, 0.07306460660995123, -0.019030282619294778, -0.028147647327145434, -0.005067842130012656, -0.019462399391935503, -0.052805410338061215, 0.026300912769856244]
[-0.01874283452223846, -0.07682547667291538, 0.04030843111823754, -0.029376737317428764, 0.013242986084551836, -0.027686087441164894, 0.04624427517224977, 0.06564466156573964, -0.05983834224852818, -0.018790961556518423, 0.0998002316922971, -0.09579157938314667, -0.0663782390881773, -0.08441430347360093, 0.06493480825840425, -0.017394930217792676]
[0.073749088752876, -0.028996353054762433, 0.03628679076575267, 0.01701062951907653, 0.031547445466504176, -0.016745371798610173, 0.05986695806732953, 0.06777134439784824, -0.04428723578820695, -0.006943112591957706, 0.08216058204515558, -0.001147015701575299, -0.07063221652322971, -0.04654007477324218, -0.07324213492540113, 0.06042011797127758]
[0.05618286683469714, 0.09533937827391567, -0.08692521676366538, 0.011472852987167381, 0.06030369806147601, 0.03801587855564284, 0.0857037041134105, -0.012031355622111037, 0.03795656746494239, -0.026545021525657256, 0.050548160373169615, 0.06559049635600947, -0.003714993952529208, 0.036900015517869755, -0.008575328409927988, 0.038093472161620234]
[-0.07482640038001123, 0.08059115836861128, 0.05224780976763557, 0.0927283378203817, -0.058055300450311376, -0.09926579520582918, -0.03489002853906782, -0.0058019027085888936, -0.04726745234620029, -0.010834767286880903, 0.06924380841743413, -0.02254828145765217, -0.018374364891615216, -0.07206817369708639, 0.05380993344649429, -0.041750574451995925]
[-0.014380320051427753, 0.035453882294193884, 0.05313491180545371, 0.08318392784016901, -0.09260239020104216, -0.006859784933142571, 0.0918106991022116, 0.012118678707299574, -0.08661596008309523, -0.019487787308384144, 0.031845057179093555, -0.042266947128477186, 0.04728094800248661, 0.028312654837655632, -0.011083114443539016, -0.043070231568796746]
[0.045704091204306324, -0.021516261495486133, 0.04171523858856427, 0.07875183015623607, 0.001705862906616562, -0.02001725904163376, -0.0943314887639911, 0.07626023321394734, 0.08723682128277935, -0.057523182470834926, 0.08770569318650745, -0.07061087767520087, 0.01638715523567731, -0.0923446084143716, 0.025299945358585235, 0.008578669303212355]
[-0.06590264629330342, -0.03443989426714403, -0.008941376590705291, 0.017139869156495707, -0.006563745948840488, 0.03475381472647632, -0.0274025311304502, -0.010229954840749733, 0.0030317381044191877, 0.06716952685147012, -0.051376920355685446, 0.09570983111120501, -0.04323924146263665, -0.07709699582168475, 0.00702464094572508, -0.06492703004987806]
[-0.06112016924946191, 0.09692291353679078, 0.07861069420687969, -0.09558606426203552, -0.07560273042385204, -0.003938319336482338, -0.05737391101638696, 0.0012191226628545104, 0.022935211608906617, -0.022975299235229646, 0.08402384342168687, 0.0824515537401494, -0.05728577422348627, 0.0516666200552042, -0.0065209671821588044, -0.09473496929018098]
[0.01591897110336829, 0.0034831579950852093, -0.006006960297159664, -0.006642192133705455, 0.012839981688903296, -0.08320630958999342, -0.04189043526105878, -0.09099677241177931, 0.09036402638999047, 0.06830189420197083, -0.06725173160016173, -0.04456092610337051, 0.03244382041451849, -0.07741255210334766, -0.04014761588151577, -0.08664586851884078]
[-0.055780180857878975, -0.04786027091679097, 0.02103085958239681, 0.009626608578893331, -0.033977128933228504, 0.050307595891923435, 0.046448372554107886, 0.018216670474169486, -0.07471498165013764, 0.031055843438542285, -0.07586054733937915, 0.03396484567538144, 0.07392779882024941, -0.016763923848403223, 0.09117153333241673, 0.09077802317336178]
[0.04186552563191512, 0.03955316265733397, -0.004424423672003644, 0.067163708183781, 0.05525962782200061, 0.08642744959065135, 0.06226766379929147, 0.01985151548632455, -0.09449596428162206, -0.005913830977099702, 0.09313604314697357, -0.02398297381148029, 0.005903272969995335, -0.0693574522187344, -0.08877758118350726, -0.046009612482614974]
[0.06454115377559275, -0.034148077924329015, 0.047998617365722585, 0.06973477724944319, 0.05064783507720047, -0.043749772812018306, 0.02074962132614397, -0.052932798887537796, -0.01976998912321562, 0.0012565073141594246, 0.028777963608654422, 0.08855601925598108, 0.07675199213603201, 0.07714348214968947, 0.07455829959776741, -0.00506223775956427]
[-0.099638720467671, 0.0518629760141569, 0.04369938426450004, -0.05814092437779379, 0.07131928318234906, 0.07633792491034144, 0.09217684760803557, -0.061569147513329675, 0.057893008565445436, 0.009570969572721258, -0.06435406705350777, 0.06548320813389916, 0.025687385561819237, 0.02418266116039469, 0.0969252802127557, -0.005293074033193165]
[0.05218418226314914, -0.00388121767488972, -0.07095171537742528, 0.028748779989124895, 0.010198768463938163, -0.05289383617547634, -0.057233411302079776, -0.022248834373976095, -0.03533503117627222, -0.033516396659515696, -0.004097077115746028, 0.07127744054511587, -0.08837452988086902, 0.061371816636103, 0.07948304084319513, 0.0458218237872155]
[0.01054701696276343, -0.07233183830381891, -0.034128546743078, -0.04949099150368608, -0.03865182311800064, -0.07940114810056603, 0.02484609028770915, 0.025533721216149413, 0.046916420976992945, 0.09328115052866023, -0.027696472266601616, 0.0778026610526065, -0.008125070501222104, -0.03089295337318128, 0.03871093321713351, -0.024179358816540403]
[-0.03909242882984574, -0.03667866495577492, 0.01662239152089698, -0.09272360603767993, -0.04979553245477535, 0.035192991398297596, 0.05975072487745997, -0.024553503027863008, 0.07012249031860493, 0.035088955929426124, 0.047673723360832115, 0.013553627589149755, 0.029681756875846232, -0.049111895319048804, -0.05248726365065792, 0.07703326970065796]
[-0.03911198327852464, -0.09220373717352487, -0.09548906096658288, -0.08457017831857552, -0.05933833724437239, -0.07999182620874981, 0.06053659325853297, -0.0028865124813370613, -0.054242731924944845, 0.07749964369585025, -0.029392895848421002, 0.028455543864162436, -0.04996195925502407, -0.01842277742949086, 0.0382167299461644, 0.03689457050014239]
[-0.051032857545078116, 0.010157213466578233, -0.09621342380716891, -0.0951698672316441, 0.007112866101648269, 0.01859622986036509, 0.0525400528591507, 0.02450603726797855, 0.0024584353031170403, 0.08334196960580958, 0.05762088523282516, 0.040225436677844034, 0.05749147060128865, 0.005614084426675034, 0.054054608084586314, -0.0587567425262487]
[0.0923052597794812, 0.04507739116714271, -0.03290232576065459, 0.0943999839815795, -0.0527663028937253, -0.08034093594465704, -0.0862362210851978, -0.06200851331643112, -0.0758223209985741, 0.0016567097680359605, -0.04157978364838504, 0.06569974245129712, -0.08956128791271721, -0.030032323299694727, 0.07305133370661662, 0.06496804631130201]
[0.08243314209182839, 0.011596049768678035, -0.07154573517748182, 0.0033893760621097196, 0.0909115667758196, 0.0952584678645155, 0.06058083225183333, -0.09980937807618318, 0.05270542203183701, 0.05590872260348598, 0.07794851677963793, 0.08361357583848508, 0.046798121770753404, 0.08211019917643456, -0.06564357067613509, 0.033106633110321415]
[-0.07249280867727265, 0.08334687508532987, 0.008996094430114468, 0.07509145277666737, 0.061023768418477314, -0.08341834813502083, -0.06910795842116346, 0.04436872927770377, 0.08741937859110427, -0.09858447405606506, 0.04078233398886952, -0.09495259956141669, -0.041790905325745566, -0.048166802148974064, 0.014030355585498394, 0.007264973817292214]
[0.06673458788006223, -0.05083952400553476, 0.09706435805022479, -0.028908421695432826, 0.07124137740515801, 0.05615958768040727, 0.026902914353477747, -0.03356571062463409, 0.02940250967131469, -0.03108507331713313, 0.04749051035595647, -0.07962683411499338, -0.08030459185662615, -0.08137192761691435, 0.06507388510321954, 0.07520160202146389]
[-0.055759065685098856, -0.011109961941459481, -0.07642901281931642, -0.01284278562099872, 0.0718282140911449, 0.05139117050568506, 0.02827549362073009, -0.057140170665448964, -0.0813276311968863, 0.04433392629486149, -0.053361614016763474, -0.07005372508810939, 0.02540790134336196, 0.01823228782278341, -0.017503885639327546, 0.06021109238432612]
[0.09505937432349987, 0.040486126833740366, 0.035016182625612596, 0.016826219787358362, -0.06629593581936291, 0.023980428662496917, -0.002564324652198205, 0.06526382016903925, 0.05976792048236168, -0.07680324604120761, -0.07067024015483273, -0.015656335588583398, 0.08534537421647767, -0.041309627241023876, -0.041533576603320514, -0.04160647219293692]
[0.019283545117438308, -0.09805168129729157, -0.07426941399423453, -0.029725030615743678, 0.05328531961301383, -0.06164274605783842, 0.013704026797642932, 0.02951517971034645, -0.021187351610067434, -0.0891683296815738, -0.03441932430374246, 0.09338864986987741, -0.06938292834990534, -0.09911234841673147, -0.0040997826636157975, -0.01603159985950589]
[0.04046013662907935, -0.03304956095550837, 0.08232305418040123, 0.08511646563383754, 0.05787313210679432, -0.0580016076957218, -0.042679798282424235, -0.05340783884757867, 0.04459400388924942, -0.08412624023585964, 0.09824448537058997, 0.09297679869481523, 0.049334577635010646, 0.0756214864320281, 0.04446110750403501, -0.06722010163377454]
[0.0885358404183546, -0.04994415956378311, -0.008888772583806381, 0.05563543828370571, 0.018409575877059353, -0.00803859336785176, 0.04481934765401102, 0.060311291861925825, 0.004555274084911548, 0.018504739243106888, -0.0740401893888967, 0.03297054078136463, -0.03244034805562264, 0.020327499257605977, 0.06203563272499088, -0.07424855916658778]
[-0.0655836799239475, -0.07652512084877723, 0.09342352430479531, 0.012095200245333976, 0.09872351340588656, 0.029604909269942137, -0.01635824338598671, -0.037947722852119226, 0.021396253080015443, 0.04884280894196302, -0.07297995631852237, 0.080842834023617, -0.0600985680355991, -0.06953162803717527, -0.06744759419584631, 0.07057607903961916]
[0.05584925254867551, -0.08980926052889725, -0.07984776269546517, 0.0032982408943695862, -0.031393499229819585, 0.024872880100758984, -0.028793081894695968, -0.06819405956764038, 0.09288773240086629, 0.024021079471231, -0.07810799074597129, -0.0453931911314949, 0.06383422216949372, 0.03636446602794133, 0.04423750402969456, 0.032104885067349265]
[-0.09746718156267123, 0.08989969404013495, 0.008612999887559217, 0.04331706516621159, -0.0667593216301607, -0.010334472194713548, 0.06076972067609168, -0.06353317703019976, -0.005925746073314392, -0.09707798223738016, 0.0396743192169014, -0.08829500892241363, 0.09821793934183051, 0.09106280225889662, -0.001458929578545612, -0.08068408505413747]
[0.004424500343504126, -0.06765233774732046, -0.04455279561997956, 0.01463292358488126, 0.08618990707379603, -0.07060944096827254, -0.04924601104166615, 0.002697203801445003, 0.005521579555746281, -0.013195914296172645, -0.08943404472272375, 0.038841857782968114, 0.0411672147513385, -0.03772165815725359, -0.031580505214021934, -0.043633102228174604]
[-0.08313804518524553, 0.07536413110115872, 0.013163334467524795, -0.0009723789486801859, -0.09619591444030902, -0.08608523602211221, 0.08213721863958984, 0.002458589395684524, 0.08428084340842257, -0.03256898443945111, 0.006825466990729834, 0.04594487508646081, 0.06171220362459848, -0.023732790120232036, 0.005831908631284993, 0.021858594091416148]
[-0.0676271770248863, -0.012810157772151484, -0.00280133641210778, -0.068692816558381, -0.026597166195158978, -0.08997165079690982, 0.044095049199148695, 0.03714379611868937, 0.02520207739405378, 0.0870149751428406, -0.07060072523513372, 0.06982275483463249, 0.035996529478087624, -0.018807157999589985, 0.06259204376879832, -0.0025139098965317463]
[0.017318018376465807, 0.005404811121815817, -0.06929963741774454, -0.008976037671641152, 0.08593827348819066, 0.04499909343265515, -0.07676114097019116, 0.07522179803303183, -0.023736988058712785, -0.08494121176795599, -0.06818224792814481, 0.03736707414474788, 0.0827931896940699, -0.057761259211042006, -0.09225455204373592, 0.036254615215586594]
[-0.04691537383826805, 0.06194412903361135, -0.030506867338224372, -0.015307710788301704, -0.07482372477983655, 0.023426826694960476, 0.03203873178482461, 0.09113271115282784, -0.07977803058147588, -0.01130636203509583, -0.025451010527244855, -0.008189679625952032, -0.033493341780902824, -0.06242595192072775, -0.010058619291342136, 0.009140055265926844]
[-0.033375665110561406, -0.07116624706690491, -0.0020581082789921934, 0.06926770283535097, -0.09383117244566973, -0.05344832983324319, 0.018075180835081972, -0.019411252371105053, 0.0032586171993667923, 0.08663859646171798, 0.043609062876054816, 0.026753704922754834, -0.04444830190804736, -0.09642227070657113, 0.055584128478953804, -0.005999641507587319]
[0.07836043145643753, 0.05325392405386806, -0.06537484236930943, 0.09913151813452156, -0.052999317332525255, 0.09705167121859057, -0.007661772081697854, 0.0973242675301636, 0.040748454971617165, -0.05650336106794338, -0.052455457827697116, 0.08794431268875591, -0.06778055209754391, 0.0015830940304209784, 0.012611680434849212, 0.09033707269322283]
[-0.030337046922943797, -0.016179404008414416, -0.0321319774608559, -0.0410650699684235, -0.0008837855036743641, 0.05005909958256069, 0.029943796343994744, -0.01263919689547395, -0.04243937884789761, 0.0029965993801955026, 0.020140255266972343, 0.05270527912602252, -0.03802354049564878, 0.04257594741155135, -0.019671510471040946, -0.003916144109060354]
[0.010598189899227714, 0.062463267004381484, -0.05076828710097239, 0.09835130238194864, -0.09663306754921763, 0.01783873242388008, -0.06290914892074025, -0.02816514253584146, -0.04379311894541871, -0.04682178308685952, -0.011385760742320922, 0.030271776685729807, -0.01953137080016698, -0.07497386607386114, 0.08675023605149193, -0.06768711503179933]
[0.03708649954586135, -0.031733485137573306, 0.09881697439643763, 0.0672199341189596, -0.025442590337468027, 0.04970703850286243, 0.05229332932630312, -0.09467195120441821, -0.004934898149117267, 0.014333745874130763, 0.02831566371567762, 0.002142487063130402, 0.012415990445511227, 0.07908070306590673, -0.012418892522150851, -0.0706130655130377]
[0.026213774694223313, -0.0318146178609454, 0.04124677134467952, -0.0867123657141312, 0.03414876670484829, 0.053124233911885005, -0.005562762429738188, 0.06411670052662558, 0.07497252569014692, 0.06843322384305373, 0.05921402885375118, 0.007882623775724795, 0.05739994862500597, -0.06778408703907164, -0.03618800122310138, -0.01924997989486528]
[-0.08700354973162504, -0.04778989448331188, 0.021900390584022086, 0.07919227388139621, -0.06070360513108639, 0.009445484654295982, 0.06918858213271536, -0.09008969171104875, 0.04919285114103447, -0.0853848235300935, -0.00019480500602939155, -0.07695580026297713, 0.015345265617108111, 0.09677313273243277, 0.006404364815429414, 0.023502744235327763]
[-0.030078942477599152, -0.02584036680518345, 0.07151587240033747, 0.010404120813270287, -0.07867529581136717, 0.0867403300684102, 0.0844412478681216, 0.009877229636061385, 0.044180818135789224, 0.008802164858873127, -0.059690885536891974, 0.013561230217457254, -0.027109008370282614, -0.07607406890143494, 0.03462349729581185, 0.09219140777109111]
[0.07786412945277235, -0.010638898081127099, -0.04526081398181643, -0.08343917800601629, -0.009549163817638304, -0.09889883187171362, -0.051728706704312316, 0.043534873416149755, 0.017077590888723765, 0.07411869216549949, -0.024836721668240067, 0.07236077170429278, -0.04674262113509418, -0.029967226081986167, -0.005400778037773904, 0.025878246493917817]
[-0.09296375202087875, 0.04326972015119496, -0.08510532324458742, 0.04702733945189427, 0.05218860860173066, -0.09475126987114357, 0.015048390904114556, 0.0703194690182006, -0.08945456331297386, 0.02232876624585614, -0.06073383242073465, 0.020054409583290897, -0.009735531246179582, -0.09507650604727214, -0.010064636391198742, 0.017529283070470553]
[0.049791183423871344, 0.0021645135400867044, 0.029775979233833322, -0.08142361788437172, -0.07078511284819473, -0.038738981653404836, -0.08917849275168444, -0.022115246662281124, -0.09201808659586644, 0.03629929866332188, -0.0652197395160656, 0.08826040617323155, -0.04162100079139779, 0.047325531559332334, 0.058858586053729206, -0.06792528057814558]
[-0.009256573585753422, -0.03610364554369831, -0.09754040782466289, -0.09916415454176851, -0.003572036472812984, 0.011377184004951052, 0.08910084983521596, -0.09350436260854503, -0.016676181171788193, -0.09493538726611944, 0.056512887449888194, 0.09729546395033475, -0.08536100535410691, 0.04284114347640319, 0.07048429258563901, 0.06495767798261085]
[-0.02982389690921053, -0.040932804277914125, -0.07048293842992358, 0.04431241448430462, 0.04596683226369602, 0.06427724932370521, -0.09879233149839804, -0.018002354461685924, -0.09498929819466335, 0.0060468674785028875, 0.025530714401615806, -0.04231789245104037, -0.05556878595522621, 0.05011354964087908, 0.021841532035861283, -0.03683778029945421]
[0.09353448207095416, -0.053873412829759215, -0.014802247675633692, -0.016756846482353607, 0.08159021733533531, 0.006359587295759056, 0.013671277887624927, 0.09290290945069965, -0.07315692205490082, 0.08625786767489213, 0.03759453217824721, 0.09524083819973758, 0.07325577203826741, 0.09025345971301793, -0.031379094198781265, -0.06464419925558693]
[0.017875257201485042, 0.05866957149243812, 0.011693835453773449, -0.03957608712970202, 0.04964586801621354, -0.09189468108325334, -0.004650207156276592, 0.009554029853309415, 0.013370336407515615, -0.023165381783723626, -0.03912121626667924, 0.060342539173121545, 0.09801643376128241, 0.01629670942136799, 0.09030006273077237, 0.09405205027644833]
[-0.013550196456888403, 0.08825099721039112, -0.08031341466545859, -0.09122387498101431, 0.01961364317632666, -0.08978079489741358, 0.00023765295595321034, 0.03887394495318186, 0.06593634109713686, -0.03979078571993109, -0.04916348614815185, -0.023843335243755176, -0.041307854399005195, 0.03849514225623049, -0.010346250339558744, 0.027563581935320214]
[0.06605366313046443, -0.01947363569858325, 0.07820578967035616, 0.0330207162949642, -0.016605955216848267, -0.08377605568949478, 0.0952984287456686, 0.09586051046832042, 0.06337748285409789, -0.011382080837238281, 0.05024333241785747, 0.06969097060596299, 0.03845802577246163, 0.09004539759231034, -0.08115934787531665, 0.024776440324480314]
[-0.04384706258448861, -0.022735859847072895, -0.021014848563391683, 0.055879061826739296, 0.005271976797725023, -0.020283326382952188, 0.08241388989683482, -0.017214655904036286, -0.023159453266007102, -0.0795442860104813, 0.057710749415013196, 0.08895858215261643, 0.01646671822122378, -0.03094763112371124, -0.06370410679882291, -0.0802272673600708]
[-0.012585394978642458, 0.05998437304652135, 0.08668090416087429, 0.024579549836224568, -0.08368461699570096, 0.00169293142982814, -0.023161325807202385, 0.019093781436059692, 0.0893595079274759, 0.05944411695316626, 0.09665025564545801, 0.06582769143944175, 0.08767346451749908, 0.006414232268221909, 0.03621334055187189, 0.08101560745232969]
[-0.027886821120785138, -0.06823078937531553, -0.007367448529155676, -0.06574423220263803, 0.057140561203846696, 0.09841610419905802, 0.0400029494150545, 0.005801805869155394, -0.0017685216940795528, 0.03406411382888577, 0.08853693688313949, -0.08015136615381874, -0.051157970448684004, 0.0341793944932553, 0.044769803635836436, -0.09056364404013129]
[0.022124861537047333, -0.06272989690457027, -0.006229473512053857, -0.05485079993392172, 0.005424660545667884, 0.07189911904916235, -0.023691269137059615, -0.0370395969928846, 0.06293965269008103, 0.037561875654214816, -0.019037222968742176, 0.04978715459311639, -0.06101193506703489, -0.09488893552722565, -0.08361224904017726, -0.0529926620290963]
[0.04578361214333415, 0.0028411526720169278, 0.04549565866910857, 0.017310259107044867, -0.005628008890573535, -0.0008510525432626759, -0.05683212211188185, 0.08834064912533754, 0.026980208980348308, -0.0775557904932328, -0.019099755680006505, -0.040204043844315, 0.07634554278968236, -0.06343529585153276, 0.03867504634711022, 0.08589152487807383]
[-0.06602721068934164, -0.010332716491135568, -0.008627289387195078, -0.0032859663611423395, -0.02747056189458484, -0.07585693104477594, 0.02961134143258798, -0.08688887527034438, 0.09231288247574995, -0.006779204797840194, -0.010590460827636122, -0.06617815161230645, 0.09713127841649422, 0.06463745782151603, -0.09713373654948457, -0.062132039361971626]
[0.07237945457520595, -0.013669799522118484, -0.07493175753475208, 0.007397390284007904, -0.05358289377494958, 0.009800099725924813, -0.006912917488766296, -0.03426474867726466, -0.05418739012336631, 0.055649657933940416, 0.07284196720446498, 0.0663051516241181, 0.07327425651571987, -0.09681668100966973, 0.08434366421649378, 0.07383909392440635]
[-0.035375926686092976, -0.03535720725409326, 0.028398423120275768, -0.09585888315199775, 0.08444627321214979, -0.08271437286654029, 0.044357487615187596, -0.09785964888013757, -0.016483315851587202, -0.05575611768635478, -0.06036152290754185, 0.07001902855451311, -0.05894771208953305, -0.038865289817930984, -0.009321069849220473, 0.04998155672119192]
[0.050094746180079225, 0.015909941081425072, 0.04078156802169797, -0.05846444760084089, 0.02992827022811989, 0.0010556393977865647, -0.05075774971860978, 0.043271709927637625, -0.03346035953630222, 0.031364849922040944, 0.024381817018851892, -0.08263406453505079, 0.08056406985527631, 0.05943665206985424, -0.0362984373231765, 0.013609049930079942]
[0.09657944327473197, 0.08179153029894468, -0.05026221150625494, 0.022637211119284364, -0.06099982736762553, -0.07422499411716593, -0.09778147219766116, -0.08189582022531557, -0.00026959792808425864, 0.0961389316845166, 0.07091975166026884, 0.07527586966792554, -0.02436506141616604, 0.061948782928802654, 0.011384804184625105, 0.04001174410593766]
[0.02819878827316155, 0.02442053638520303, -0.06972957654369315, 0.010828273348788622, 0.09749008466899434, 0.03917259145600374, 0.031475421712102436, -0.07732706805366762, -0.0795455315469989, 0.09901486325530384, -0.07382966417841426, 0.010905923006401877, -0.06017947516661484, 0.02585654095226647, -0.06618812112035347, -0.03731037706955827]
[0.03067048207208925, -0.028126018604566455, -0.06767106146145407, 0.04231631168720834, -0.01811885234033525, -0.026210685288690735, -0.06608101604251511, 0.015665059376242157, 0.005762532629776856, 0.0786128685201061, 0.03372988897525567, 0.017626355954522263, -0.012665507281490518, -0.019023373687636402, -0.07974222138283105, -0.058128831395604943]
[0.05327617424761216, 0.043365951437674716, 0.033272751606861106, -0.09699940279881154, -0.06338444591275477, -0.02437262110392613, -0.07045098619194992, -0.04661668118107998, -0.08514140860395242, 0.009124685844063632, -0.06698870908619761, -0.08438489191288151, 0.05269874860050586, 0.08257055230569949, -0.0037243631063625937, 0.008937355086907073]
[0.06884553016131933, -0.09197340762798778, -0.09115820327916334, 0.09154128365789929, -0.0914244176569143, 0.03415279210379657, -0.07270282259990742, -0.013874117587465304, 0.06554572924078583, -0.017183696798535125, 0.07168722350843731, 0.04514690684539954, 0.012725307789242371, 0.06557035915533291, -0.04933411701031912, 0.029237723953080358]
[-0.09211055873877026, 0.023843692312352754, 0.02969121345854736, -0.01028359361404392, 0.08872195362048696, 0.00640725107587381, 0.026087657965550876, 0.005466823452857608, 0.06840847392139171, 0.06530406273455355, 0.06441275599070559, 0.04521124451120595, 0.04929556750878786, -0.07830371988056609, -0.06077318427957184, 0.037432039956803165]
[0.09531380804878847, -0.009079073277706254, -0.023477731634472893, -0.009422504494359926, 0.03507748761015833, 0.07841905582146344, -0.046497883289585595, 0.08617128365267598, 0.01683477989017583, 0.06744958407817353, 0.053630325284863056, -0.0473376121209526, -0.05716418907585035, 0.07093482751509936, -0.011820215880773283, 0.03643536860385216]
[0.03941504268790871, -0.0352408085685291, 0.03660265667144899, 0.08753201248846362, -0.043194542086328225, 0.038834955022256507, -0.07035616653051012, -0.07486522031910377, 0.0613172161970226, 0.09879664407399116, 0.09987860590966094, -0.044159876179645965, 0.034291565550412295, -0.06883357733320483, -0.0108511825462905, -0.039601947643048654]
[-0.03303709002326527, -0.08138357883342875, 0.0627146102067751, 0.061361677027963746, 0.023182423625143445, 0.04484748266913191, -0.06805100671708275, -0.07445710317684076, -0.08541679381042827, -0.04189879042221183, 0.062108212133856394, -0.03725854904644939, 0.03903899930803703, 0.001779896348562765, 0.06868315042141748, -0.022238907372808647]
[-0.03487602162892976, -0.04818149386586406, -0.08791931574503185, 0.0973311035253672, -0.021061072010233398, -0.07605208131373112, -0.029301696883102676, 0.009329705438495178, -0.08246127385790397, -0.03287438206206432, -0.07372568886773977, -0.016615048831871176, 0.08043187690869139, 0.01951967277889273, 0.01277667499331274, -0.09489989669673611]
[0.07504025805283379, 0.07926116019774551, -0.08113025728637382, 0.00013959996696277788, -0.0653666320164952, -0.09529718288711342, -0.064567403301627, 0.0853638088385486, 0.04654471786211323, -0.053975370086380606, -0.06748923708303574, 0.02472621501276806, -0.07127455847958052, -0.0881359052329152, -0.04589015651605369, -0.04383095728613043]
[-0.06833948601683233, -0.07554309808345211, -0.06034721519127331, 0.06446250493707381, 0.08629636669015081, -0.07722489924226712, -0.08856601666907482, 0.06101206852340679, -0.05386222637113647, 0.03768377509119941, -0.017551500633421452, -0.0914191016979137, -0.02496301344347765, -0.09005821593589779, -0.07194038447674596, -0.05378237772260093]
[-0.06840853787773621, 0.006623290366964851, -0.014983960323351295, -0.05217230146813421, -0.05204313703658155, -0.09047793964414996, -0.07967562347491569, 0.03746953124003602, 0.04721240991274375, 0.029272705319183523, -0.04839834932821396, 0.09255216134013983, 0.03426629162867548, -0.018655260404665558, 0.01651323611955631, 0.005684313257188253]
[0.08019221014537256, -0.08763093735391406, 0.09316500406289535, 0.015098695424651226, -0.036100230033135436, 0.05496510749268313, -0.03825268349858538, -0.011985348768842677, -0.008393918114746463, -0.04182932949887026, -0.08767815213663024, 0.028354772720179, 0.08486990696307192, 0.016836903861209326, 0.053255518106020666, 0.09350123664762733]
[0.024957865866621895, -0.09834509809870091, -0.08332353935779134, -0.017154621589193272, -0.058609948976323635, -0.025804526463989896, 0.03351472661011054, 0.031375829071707606, -0.07213940141526216, 0.03560050277500798, 0.08412773499558843, 0.032583260227960986, 0.07160913650458181, -0.06335849643687058, -0.07668535246761882, -0.03913159096752461]
[-0.07871833930925912, 0.056325482138170985, -0.015902704399575154, 0.08338908747614124, 0.062422524098707105, -0.061801423863519105, 0.09964896969438164, 0.05958191681263242, 0.001903455040946328, -0.08459212735907717, -0.07413591079651716, 0.02150112620785989, -0.08324419581011658, 0.07883795719744235, -0.016690356907042153, -0.03742206891816635]
[-0.03256478407602996, 0.035527977175741826, 0.044214362810605146, 0.006696579497338401, -0.03221600734183082, -0.02503669969695517, 0.0377283425061275, -0.0768549518205553, -0.07001390120731144, 0.016544069699074876, -0.00134707302262424, 0.014045630447940577, 0.05586592902463769, -0.07735086191593843, -0.0031130409985186125, 0.08171799475682193]
[0.0679839820312142, -0.07687213068872223, 0.05116808855898011, 0.02818219584280529, 0.027421559612854612, 0.06575336568053325, -0.09622109356366089, -0.06944923749023638, -0.0838846507033167, 0.0742925448330308, 0.03510131888984486, -0.07680031881646232, 0.0013844450760736038, -0.09458658264152467, 0.09968888166323742, 0.04481550396116557]
[-0.022429737383457576, 0.09009099246654995, 0.03968923186538256, 0.0030904028387398474, -0.05017082175662751, 0.06308509855850042, 0.09044422335233734, 0.07050197251563514, 0.07686662900829197, 0.0562820779109697, 0.09271825217329777, -0.03485222031742817, -0.07449260827919146, 0.06265807060465009, -0.020792191638741325, 0.05128537326938162]
[0.0745720679291769, -0.06269392831247245, 0.04476908946116662, -0.05338959753000647, -0.09416225329294164, 0.030670184469626355, -0.07731441974611136, -0.004897365881462876, -0.09066930438392494, -0.017259808398215865, -0.02229316403387309, 0.06346854895953968, 0.09528925704786445, -0.017929640021809856, -0.016514636703807622, 0.07796657746508506]
[-0.08713272621639499, -0.05298436228352921, -0.07142922139733646, 0.06352556532143966, -0.006273809644646258, -0.007321991738433772, 0.0003433067709983362, -0.0842588063074735, 0.03927485829853444, 0.016998165561449757, 0.037141076667688455, -0.08503437312407643, -0.09140165147596056, 0.020810275180215013, 0.02111972536858331, -0.06584440211477524]
[-0.02504654031269496, 0.0853555316596469, -0.09374115146721838, 0.06352451163074979, 0.002968788611424092, -0.020648502483884126, 0.0008548661033818405, 0.05758467495517486, 0.06756024520284029, -0.07214567040930375, -0.020774105117893932, -0.05498960309142462, -0.03406967590742903, 0.0783978243413595, 0.06592471682625442, 0.009773484021050022]
[0.07517800432605129, -0.09360385446982583, 0.06613976596112078, -0.09040839463651268, 0.05288153293065265, -0.04761140225202601, -0.08044482627896442, -0.0010337969584269802, 0.0038633851426772836, 0.06958542197992851, -0.06679547891709445, 0.06976448863885601, 0.0651815566512039, 0.018042318336725052, -0.029981483006852952, -0.03900201610637602]
[-0.07872360775775777, 0.08794142386007417, -0.0007939193045452819, 0.07806529272362062, 0.018243777318720136, -0.03638411304155183, -0.08195614839360021, -0.056397753503329165, 0.03799920568537046, 0.022571383879701673, 0.08102868820410677, 0.09874983948082477, 0.01877881266651267, -0.04967741964269737, -0.07062280585055014, -0.049314974769024536]
[0.06526354646042859, -0.059310955747307714, 0.08998556735898064, -0.03545614552881425, -0.04767183732440945, 0.056606233595094424, 0.01149118609564706, -0.03264071146998378, -0.04290634555356383, -0.04520915415375899, -0.03211046089339553, -0.06044595343932846, -0.09240783000847222, 0.05148244008380029, 0.01588675873299135, 0.03581913644206103]
[-0.09965780404361463, -0.09009180351081808, -0.09342350127111423, -0.000495645902859998, -0.040709306815976225, 0.09588138848031799, 0.08196459033555506, -0.08366692959620158, 0.06845499359413024, 0.07163368947441698, 0.046452021197846194, 0.007999692414690368, -0.08759076757081263, 0.06402516525422569, -0.07438086931646606, -0.09486825185852238]
[0.09322718795895102, 0.05726406587018096, -0.02466398523387925, -0.011981381203296101, -0.08457023399547565, 0.009144092806271403, 0.05980262679593415, 0.09093632565629584, -0.010768825429427559, 0.09752560184294123, 0.06667696525821787, -0.07547245227802929, 0.0935555847954461, -0.0183808759233203, 0.05605846798025896, -0.07647147717680035]
[-0.0765030724513008, 0.024896707145677488, 0.0632165415214376, -0.0010524051484919889, -0.03799375996042342, -0.07861117135376264, -0.03127486651719365, -0.0058756282442171265, -0.011100602618182992, -0.0672449667806086, -0.07529633382271149, 0.00912129462651376, -0.04063531187824701, -0.02293657144583941, 0.025371338034815116, -0.054234437700547526]
[0.03440122255102601, 0.08403923335602057, -0.09481836871465972, -0.05709239844533978, 0.08275329844725948, 0.0829247172957053, -0.08276588615926639, 0.03989430049242754, -0.06044592803750808, -0.04668433055016341, -0.025900256998732843, 0.045000947526206786, -0.05123836444403121, -0.03336588764920356, 0.03176625501807595, 0.00200804004737605]
[0.08968724840653988, -0.06928439382032557, -0.047163075172012174, -0.05625537105695071, 0.042024015581458685, 0.09358577986402358, -0.07535816310819342, -0.0243275386187225, 0.06953586328953251, -0.09322450208365483, 0.002915288408957939, -0.06482017985055738, -0.023825548894631537, -0.08732290522259718, -0.02801085449030094, 0.06908313110453032]
[0.05370315980069476, 0.09449750409635946, 0.0017264609177659596, -0.09493531718753973, 0.03538484852033408, -0.018641534938574497, 0.041456610504345626, 0.06746780728530974, -0.04460969850084771, -0.07589240759536536, 0.030602924977835816, 0.07581039775480625, -0.03058989420878659, 0.05549133741063336, 0.0333350873089249, 0.03863568885008958]
[-0.08868165855684602, 0.023512033055447384, 0.08117918952695011, -0.08029376254834714, -0.061010275516361984, -0.041335389745513096, -0.052819417890086866, 0.06762125516727155, -0.0025509280800155854, -0.09179893916634366, 0.09691604561925399, 0.008420372492340289, -0.0016107653547224182, 0.04579497651082104, 0.05657331116346176, 0.0929694905133436]
[-0.06568583567244797, -0.0034154867728060784, -0.06316245681827579, 0.005695877763057716, 0.02222131617656012, 0.02228113478492391, 0.07573438579819933, 0.024760305515181227, -0.009960108978358237, 0.07742146069326775, 0.06160848272904265, 0.09204964995993511, -0.04530069091940572, -0.05045443520322473, 0.06320864871591877, -0.012289689299827239]
[-0.03552078489473723, 0.060871504719207964, -0.0023244889902711147, -0.01682332223956122, -0.006681807161028924, 0.028757509780093643, 0.02013407669767242, 0.018723393760868845, 0.04659748721526899, -0.05032047427620745, -0.01854203985509209, -0.05733618935162175, 0.049160071594310184, 0.08056244781626315, 0.02962752533285104, -0.08742485334422204]
[0.08430493510994627, 0.013452912318451277, 0.0482186394336859, 0.072824283641539, 0.06329026591758455, 0.01899849103987028, 0.055570526146276306, 0.03416053524218485, -0.012923079895660952, 0.08841368394162022, 0.0347237857746, 0.056866927094592956, -0.009869607532901267, 0.09299847961772006, 0.022704878053264113, 0.04510401980835471]
[-0.02436681348033773, 0.07458651569087843, -0.041064914988575854, 0.07747205071252639, -0.004288814816890335, 0.027379040425543066, -0.04616545412522315, 0.07120759548374439, 0.008649411693567616, -0.09278989940327263, -0.08932473900624556, 0.07194929478056442, 0.04860442773774912, -0.0764916229156693, -0.018894364822985676, -0.05810157768793518]
[-0.08000678642937933, -0.01834105699015591, 0.06220898406382008, 0.03336096310175479, -0.010868109134482246, -0.05087529038138261, -0.02051949371910862, 0.07154781388747067, -0.013395959225166593, 0.018987436903236704, -0.020528086671228657, 0.03382580728367465, 0.01681217339540135, 0.027277260944788384, -0.06421599109882521, 0.02029722024310221]
[-0.0024293989096639823, -0.05429117260191858, 0.07242316952698727, -0.0764320344807381, 0.01214341331128757, -0.08301295814872074, -0.0545158275016771, 0.04696271842419936, 0.04523667273354909, 0.03720422130804474, -0.07865144411624705, -0.07870816608845743, 0.053305286889576586, -0.07500258555880115, -0.08346299572748613, 0.06825542243347693]
[-0.081817927934906, 0.05159044936054974, -0.09097697322104113, 0.09139625243256883, -0.045917154342560496, 0.09629367442687298, -0.037801666555347536, -0.040903949863501925, 0.03954170488915004, -0.08061277342358907, 0.017960863774228633, -0.01315649934399385, 0.05433179355541137, 0.02255668629971655, -0.08107569982373178, 0.07358370901018166]
[0.024540195983623933, 0.04288425961101611, -0.05528362168916397, 0.026786738100373048, -0.06368711733371138, 0.01460924118487468, -0.05875606498659949, 0.0933084807496036, -0.09502669114552892, 0.03016300451240353, -0.029388124931831502, 0.01920576987284657, 0.009172758957197963, 0.06349064944083246, 0.01434189794953944, -0.08466699571059169]
[-0.0070392261897979785, 0.09256225455116476, -0.023577072073539512, 0.00023992343567662278, -0.01902396646417126, 0.008905409198450398, 0.03544710655810521, -0.0807040272929716, -0.0855745995520084, 0.07231764546503924, 0.06901228506915721, -0.08358347715297276, 0.07432970138296621, 0.04774826308533586, 0.0038971867696597495, 0.06878893139737682]
[0.037814859085897684, 0.007135273776742418, 0.09275803938236471, 0.046409472549724995, 0.026104554822157677, -0.06895576572632285, -0.08382978119054883, -0.07107018109271068, 0.05110394210919719, -0.0011942418803732452, -0.08106901997540022, -0.0752910286232787, -0.003842292330166683, 0.00519878338689124, 0.07060337115293941, -0.03179892637230279]
[0.023558076388453017, -0.017623994683166028, -0.0596642697766185, -0.08416010920180134, 0.048481901042941755, -0.09375882938428282, -0.044979664910477, 0.09435788972621703, 0.07424908383167303, 0.07435208388733613, 0.042076797874343236, -0.03652241192013082, 0.07543611608332354, 0.0773965400179403, -0.013584146044351292, -0.060086249942871574]
[-0.09511512381473056, 0.03429770930811543, 0.02154684431280393, -0.09908592000674664, 0.06330665996045942, 0.02209810996836059, -0.06310557039382195, -0.0171147212288498, 0.08302813018460481, -0.05233419023946542, -0.06788365662087009, 0.07554001388352763, 0.031846092650535396, -0.007548779107352771, -0.06064444369279505, 0.060710895800580006]
[0.031216115787814275, -0.00808654741440104, 0.013128291894328181, -0.06892895389305818, -0.051878512620378105, -0.03511009724675407, -0.07896939459484374, -0.0782101806973772, 0.008616077283227441, 0.03777984584338831, 0.04321028445841277, 0.040682610690257054, 0.06128512975998182, -0.006866064491055798, 0.036668814260719274, 0.03265890740337199]
[0.03545326495404316, -0.05769808414243012, -0.08880675312230946, 0.07605800138695692, -0.08764703780397134, 0.03889433531236483, -0.08450042871527824, -0.010907921279899924, 0.05943360377483037, 0.05338495678947949, 0.06515273138507388, 0.06549588333012721, 0.06387416636304713, 0.06289829640134978, 0.0902378218366599, 0.04227805552968647]
[-0.06799469798565563, -0.09870542684541486, -0.04613850138368514, 0.0759657273008445, -0.09862441619314002, -0.062176927585110224, -0.0379537635364158, 0.05810220362408325, -0.06206358813224886, 0.007965585397316774, -0.044590304944163474, -0.01831930216452249, 0.03879491133330065, 0.038846756288537065, 0.04776948891456445, -0.08423749551354008]
[0.008143244686660805, 0.07353023653563517, -0.01838357670478967, 0.07261018389843313, -0.06932122825938686, 0.084915124833945, -0.06326244970315964, -0.0984604803770456, 0.042873106326497545, -0.09315101143280616, -0.06211950921721419, 0.029399381916755923, -0.056918412074007656, 0.005955505780559367, -0.007685323775179248, -0.0397322341182299]
[-0.012027252733384702, 0.03690388854338639, -0.07862927455970528, -0.026889757746981643, 0.08625125002535514, -0.06148389778496741, 0.05757684787007614, 0.037088655853279834, -0.07737534497368873, -0.07800866152075694, 0.04029393321798799, 0.034807889276891935, -0.07835817493530049, 0.046927563255836774, -0.07236473925723937, 0.04917228879984764]
[-0.05822579730176456, 0.06452914123581097, 0.08276678430918397, -0.012439488454756592, 0.06200139463457863, 0.018084120075313598, 0.013925966814125723, -0.09755550937091897, -0.09555153569515527, 0.02690934324064187, 0.02596685803621404, 0.05937741964943899, -0.02677020276691014, 0.09388920784744567, -0.020572132320347408, -0.01305328245154]
[-0.013306692302757453, 0.06778496080570634, 0.06122892501764393, -0.05270887878546589, -0.05716199081367708, 0.0833109260775762, -0.00768858892433559, -0.07707294530642134, 0.036911313318536976, 0.03417576947433787, 0.06920839777765067, -0.0013239171026334928, -0.030537296196995772, -0.027086896385616233, -0.014087323566667614, 0.029193501556271262]
[-0.01771298353267295, -0.030990825145629147, 0.07899754428068181, -0.06101441682454061, 0.013564931235557437, 0.09696420589057472, 0.08956969703505466, 0.08336443575870797, 0.04101985792657217, -0.06523931974343669, 0.08476921105861629, 0.0672049530295786, 0.08085817018348398, -0.09761294984456022, 0.05726531216335473, 0.016713070119156653]
[-0.07350958739548802, -0.03351641231213602, 0.09962773226274485, 0.09987015369079999, -0.07530524686729012, 0.04896498182069223, -0.08229405354487096, 0.036010489612217755, -0.08546322277819414, -0.024896773667233904, -0.06791580683280335, -0.0360176758195974, 0.02088069052570958, 0.011467110833827426, 0.02410837571964433, -0.07001466591740846]
[0.02010297940250179, -0.026075217683918142, -0.028039842585008717, 0.09741740139695299, 0.09327101421668316, 0.08588796454611086, -0.004960417711210724, 0.04642546375571549, 0.09400487406289809, -0.004548135819511273, -0.06996509998362772, -0.09650179258246197, -0.0696088739054268, -0.07190645296225494, -0.0027354591765511166, 0.023434630613890547]
[0.03141903341577676, 0.0919304967049348, 0.07354533243229083, 0.002726365531695474, 0.07040174619685174, 0.039975033756558476, 0.036598787593638604, 0.07321748191057167, -0.049453720052671124, -0.06074760317969861, 0.08190641664183437, 0.09206601877194281, 0.05996671271101134, 0.050975867403979164, -0.07343686805320748, 0.05317481824670678]
[0.05912795979266647, 0.07882497852505932, -0.011849317234168238, -0.04161648105254952, -0.06973473898248475, 0.06141238359494727, -0.04302411504702941, -0.01462119273411204, -0.005826334209993414, -0.0217712376367262, 0.06856549317442107, -0.023683027993180117, 0.08997235230668896, 0.017448630232910517, 0.0685021484662045, -0.02912494246644895]
[0.09241232877542019, 0.06312159361693517, 0.003310879378290804, 0.09222032997632587, 0.04291088608901761, -0.0011150303232194958, 0.061156205366780986, 0.07403607946479338, -0.03598243916363163, -0.05136247391785014, 0.019538655939337193, 0.06306693399711347, 0.08852724759523398, 0.09724549443291966, -0.04474632558685061, 0.0566564880201621]
[0.023413442454745775, -0.08962501079222321, 0.035270464458074746, 0.009607873034173056, 0.09555449716863607, -0.06483690174265852, -0.046939725392743985, 0.019453904283862206, 0.03480356520192568, -0.07209782309559043, -0.0893960441465211, -0.004720869249964038, -0.020030084035304346, -0.06657376175111393, 0.010372759246955993, -0.09759043303709986]
[0.030864971663930846, -0.061728780135651154, 0.08092696453038062, -0.0949344201171609, -0.057921744631440224, 0.08511532032055077, 0.02568124969206248, -0.07270817521875952, -0.033891087393712924, 0.032314605839577126, 0.08856103512644434, 0.040841003083176564, -0.009428647231371129, -0.02218389264648153, 0.0625218747454957, -0.08407419540166533]
[-0.08638613287398829, 0.06798695380986866, -0.024653317140494638, 0.023908395683609987, 0.001051205323744142, 0.0569081622007703, -0.0012237518418822535, 0.01253526724203484, -0.0951990119820944, 0.09858812493063909, -0.032689356094476235, 0.06635016752077724, -0.023735436164999332, 0.026470309958454508, 0.06044816177558757, 0.09024321292223655]
[0.020536992840676865, -0.0740960565236104, 0.029085903447134076, -0.03515458334204627, -0.09139772748156012, 0.03942183848950498, -0.007432243763719842, 0.05303868945923171, -0.060362718248614056, 0.023098332552819206, -0.03815671626943971, 0.02193745726312528, 0.060197335183285156, 0.08820806601610695, -0.06304697161911839, -0.013471529354021489]
[-0.09963591698935054, 0.0045652419288513685, -0.020947632374799713, 0.08942928652767237, -0.08173175648502423, 0.01447175117267234, 0.09718370875101395, 0.08097996606618549, -0.03130378512772668, 0.007183929525997584, -0.06183409038899917, -0.0689325465095584, -0.021922165219127515, -0.08548880935973607, 0.07411782741148529, -0.07562783466149946]
[-0.015460892317495853, -0.08784300930811183, 0.03819544574834394, -0.03349720412874167, 0.056614040880563515, -0.009639925211721884, -0.07740577260349363, -0.07235164416618448, -0.009445246719892483, -0.06715934642167865, -0.06425763774911533, 0.05761655288797268, 0.06096981530936385, -0.09645263854222628, 0.0511264212882957, -0.057277957998520805]
[0.009499731886922408, -0.07136122206771825, -0.08543143909120621, -0.027439942425240532, -0.08605740427059486, 0.0068201888818155, -0.09253520863311214, -0.0904503499564902, -0.02380269520333253, 0.038347896209407456, -0.013038255441357616, -0.08875632596952605, -0.04913199867223268, 0.05979127764205022, 0.050531929996836616, -0.052977202610580414]
[0.05695708044392361, -0.06556302160462393, -0.009629655563834022, -0.012288992598760332, -0.0832231985358055, 0.043051671338262515, -0.04896891888516415, 0.005253817315961612, -0.0028111926185147296, 0.01967663939193834, 0.08116163388631559, -0.01218139154033733, 0.037803823530748765, -0.005536947850583646, -0.07827570466287369, 0.09231191807646594]
[0.09472218721824618, -0.08420104511839879, -0.08415692978495133, 0.0918995941445544, 0.05364331143485354, 0.01143487179008551, 0.06755724618676207, 0.035446843599080013, -0.00704330137023397, -0.052671113870637325, -0.025995037142897595, 0.05604924253038665, 0.03520394789562323, 0.03196759320724324, -0.0450822369551716, -0.016679383580109522]
[0.03502147204797107, -0.08254569933176277, -0.0796829665241573, 0.07550050833597621, -0.06288484832730062, -0.07704378940970476, -0.08184511742605471, -0.03913260245110544, -0.0438319943015981, 0.060208038461695146, 0.04402639494676458, 0.04195695933131258, -0.056372454681477, -0.046293012227548516, -0.07207358602748071, -0.04285824883953924]
[0.07715644994919371, 0.06381198518748529, 0.02964567625128084, -0.060459878166914255, -0.057262843698711555, -0.0037500128451815468, 0.012750272695590745, -0.030945760447361637, 0.0016235914479316438, -0.04922178485824183, 0.05166862605264547, 0.023370445779431037, -0.022269117999920193, 0.012464656658951842, -0.09719877922271661, 0.04524233537906272]
[0.011902504251372764, -0.04047381049518857, 0.030615497375648337, 0.0830137898101938, -0.09333136362842212, 0.04078594332756208, 0.0261181102792524, -0.06329731996236583, 0.05540545120609838, -0.08753418764059234, -0.055433208698490805, -0.003036506178145701, -0.03993608807530165, -0.003517510435264201, -0.09943766132758783, 0.048055994154031445]
[0.0045112563648655735, -0.02196629630248488, 0.027006326667051883, -0.0813968967768372, -0.027823342513536062, 0.032807138928040935, -0.04947052217013717, 0.04444634362386543, -0.033369307367605086, -0.07020807014138966, 0.01150272321364243, 0.08233713926574121, 0.05381927314456478, 0.022309204635315646, -0.0697529515796374, -0.09401189381015368]
[-0.03652983581773764, -0.02012327087635199, 0.08378884241163698, -0.039800664147409175, -0.0393597577609651, -0.03917306955459992, 0.011770193516615873, -0.027517702677514883, 0.04241675928590494, 0.058975748886225365, 0.08507142673561036, -0.011299895567075072, -0.029020314748691406, -0.027200685147083542, -0.012380326494729837, 0.0688995397674744]
[-0.08722159027039333, -0.06381785754469085, 0.08864268802021505, -0.08891560325478108, 0.04574982363490343, 0.06445721315114458, 0.05683842818205609, -0.020603421050394657, 0.057676999803672885, -0.07688310286496401, 0.025419188556113748, -0.07237802860803898, 0.05778382354272826, 0.01961536463725011, 0.09740770038108534, 0.09350980027887712]
[-0.006273602705290496, 0.09645119062432314, 0.0336880916955567, 0.09363233127623535, 0.05548025307225732, 0.07070340240324532, 0.021000865845744204, 0.008186440831229463, -0.03813678135017451, -0.024274334194321415, -0.0766298697908796, -0.06496053261147278, 0.04492236785926254, -0.01899689045861068, 0.026109150055360214, -0.06264805708027663]
[-0.051363932893893696, -0.041489087857490996, 0.09357207765196882, 0.04183955214531171, -0.08969717809960938, -0.08666421501929972, 0.058826159372228154, 0.04792767785575516, 0.09972608738630878, 0.012631752268602775, -0.0445068738041414, -0.030141154558731773, 0.0651867957580197, -0.0754059804847031, -0.057368995039806574, 0.08008930543948659]
[-0.013586408637874484, -0.05043809642093566, 0.09137390482646984, -0.05728571279351491, 0.037957717389919515, -0.0727789053459554, -0.04307698271943419, -0.032136515176836564, -0.03931455062211775, 0.06472054568990249, -0.027955541596783803, -0.04911291306418526, -0.09734303020105982, 0.04471516540274273, -0.009109444263139907, 0.022786357062226342]
[-0.0608399869326725, -0.006121963958988189, 0.013510645895002504, -0.08318958763437434, 0.045462587241445085, 0.09640743634657178, -0.08264322721386859, -0.001234466970551823, -0.01572865686614984, 0.007515444814346767, 0.0685106584809465, -0.09429045498690354, -0.009313244681103255, 0.027550213411453306, 0.03830244391677348, -0.011783747977118383]
[0.05826589750345362, 0.07253743449136316, 0.05923566546931963, 0.060922949319808295, -0.06065953725691797, -0.026814916309687728, -0.02009039094053515, -0.013143233195607423, -0.05952019069862302, 0.06708148063360217, -0.06370315972031533, 0.04221677729216661, -0.07899658206345797, -0.06743933192616966, 0.022717274748348656, 0.0771156175877872]
[-0.06219504835368353, -0.011074717383010996, 0.05321414715827605, -0.09417162667882849, 0.09524092771356354, -0.06709496959187218, -0.004099144706115582, 0.0633873301330333, 0.07627455545874437, 0.008833988768110299, 0.06785412916592176, 0.04537780991170684, 0.05320384491613983, 0.02416381309377305, 0.07334614606412013, -0.046040635102387165]
[0.07562771661228293, 0.07433601870013537, 0.016180532704344525, -0.0755124925181028, -0.041415900043366594, -0.047792253697361536, -0.037551150056056914, -0.0017317555616040148, 0.028331107993667837, 0.027999113764801242, -0.05075386607000132, 0.05271466599761174, 0.006492712320801328, 0.06535407736475307, 0.01593489062307432, -0.08093807959024679]
[0.08651242284163704, -0.07040065042933595, 0.09173276388996598, 0.01518657085399884, 0.013558116492134148, 0.09313613408509769, 0.0071985096193694365, -0.010617050692188504, 0.05252275217036417, -0.07557857058987544, -0.05384973348345359, -0.015521018636321049, 0.06540784072989902, 0.06093176924439697, 0.09394690992442656, -0.06524577926026372]
[-0.03331879417649679, 0.07393312582409617, -0.06436162313485144, -0.06327192317772673, 0.08417932233462735, -0.04274058484355037, -0.05184474954470711, -0.08214555251802663, -0.052366830503967045, 0.08637327829981059, 0.02584717966522515, -0.006972229084571929, -0.0070901744180091875, 0.06782033654636285, 0.07719947264163202, -0.03390751695231416]
[0.05443780781609328, 0.042603639174761426, 0.06639883394266119, 0.009709373649811365, -0.05606153094465521, 0.051029312846715635, 0.09986799756142664, 0.07480959371705795, 0.06748864450221603, 0.004327289883408428, 0.09885336045626797, -0.0757977654141391, -0.017308790451922268, 0.057332244017645195, 0.062087017577654946, -0.010784283605590736]
[-0.02415331394217249, -0.05426592461289195, -0.04924995626097231, -0.052860770270145664, -0.015731653474451185, -0.060541274504456434, -0.025703668903040863, -0.0732960458973421, -0.059624309824378656, -0.047854832131324576, 0.01825687762662072, -0.032232025221708246, -0.08205457889686274, -0.0752068244134042, 0.00740653038316344, 0.012631865253261251]
[0.039705194257332654, -0.029156594109042727, 0.09140968897049942, -0.0001494390987744343, -0.05275775433103298, -0.07537272680691179, 0.068079343089787, 0.025762831665676694, -0.012751292540767276, 0.06542384164282194, -0.02468597464569114, 0.016409584890773904, -0.08166513902103692, -0.07355757639602933, -0.09230815445657595, 0.06876203714103252]
[0.06132537438707411, 0.02603793698293763, 0.06904723736552346, -0.02935924296621517, -0.04043830371132384, -0.08591923494717968, 0.022256037016235533, 0.064675646124107, 0.03890736481393975, -0.013025276183612683, 0.029882735459661774, -0.09114172878337985, -0.022044524114531755, 0.08038403854257414, -0.03933217760217838, -0.0012495664494045072]
[0.046514139553602396, 0.08987768725230649, -0.08138310593304271, -0.043955896704487185, 0.013158089084927799, -0.09069254460140236, -0.06152013797343328, 0.016912200972402175, 0.02797187034720114, 0.08253838446192124, 0.007267895985295536, 0.07848844133510327, -0.07743407927925477, 0.03340540245826526, 0.0012270913968977643, -0.08040252414905316]
[-0.02489123894165128, -0.04143165483205176, 0.005149495037459498, 0.08099161524690413, -0.04887188257627406, -0.006974014892456665, -0.039903212508653564, 0.032732220358518166, 0.017644035710637287, 0.08297091233935755, 0.09534828079614793, 0.06857326143810935, -0.02388099539646804, -0.017301093101491014, 0.015174711603313823, -0.08746966527675636]
[0.011049207991698881, 0.059074643573658214, 0.05694089606709751, 0.03642080258467889, 0.09024220175811379, 0.0030527293605621814, 0.00791282806279299, 0.05709616163274264, 0.05667261668623333, 0.08211064651300234, -0.0651042295940957, -0.03390150839608337, -0.030754836171117392, 0.02092054683982572, -0.08996526796525253, -0.04103576466849734]
[-0.039100483316115486, -0.09403511949289077, -0.06066319402320395, -0.09422558164437507, 0.041018644873416416, 0.05484069194764915, -0.06049997101068823, 0.04378008612467377, -0.01092246372461074, 0.012650559330016797, 0.05774107107399801, -0.0009466984534279022, 0.001312340578272203, 0.08380539668652848, 0.061245429074479635, -0.0679304792134487]
[-0.06713315714409214, -0.031204614623115592, -0.00033010106823314067, -0.05789037418586025, -0.016909271064325646, -0.028986592081788207, -0.03318621384513758, -0.024333163778891942, 0.08867838024094277, 0.0556404259465858, -0.08230440985110515, -0.010524288411343827, -0.07864060101220166, 0.03640256765352573, 0.08742533193305121, 0.04892328857250933]
[0.09999637049751173, -0.0657204455169185, -0.0849905270755309, 0.02794010056536267, -0.05379795208179264, -0.026636830098249395, -0.0014580536045380177, 0.08900064219718196, 0.001801016739968797, 0.05794982154599937, 0.05971192529503633, 0.00355273165542129, 0.05279501367678366, -0.0934751527260564, -0.047413615090457654, -0.030670530818585534]
[0.08448514514528258, -0.034388713526104536, -0.07272225854438663, -0.009428225308080379, 0.04419350116112153, -0.047410933446329406, -0.08632606176096853, 0.06020372010210204, -0.09042514388499129, 0.07290612113549605, -0.017206500780491907, 0.031307014111500775, -0.02762404408142989, 0.03981112959116412, -0.08545175991995671, 0.08703631294998931]
[0.042577368960727946, -0.08682212943729793, 0.011119769375271177, 0.0377607698093021, -0.008972250079337746, 0.08791016419265904, -0.07111621820866168, -0.00878912275365433, 0.017809244661588106, -0.029631780592868487, 0.038156578034014066, -0.05583788239702552, -0.06150383037033778, 0.046873349234078515, -0.07604762497458416, -0.09821342726755362]
[0.03873695531112309, 0.02001271513019956, 0.023634403207684687, -0.025141031564304944, 0.09042261078125202, -0.07645658553235711, -0.05882991151618475, -0.0806180769746945, -0.04340170098290766, -0.03174442670084772, 0.05930596406180719, -0.06813533484383634, 0.0012464766335571753, 0.08874269359538997, 0.07596660916030593, -0.08672586498143015]
[0.023380392608538497, 0.08424018562856567, -0.014393481145427184, -0.018581913880553455, 0.09373342375863819, -0.08612733550470086, -0.08493143857002788, -0.010178731242019692, 0.049583223684174144, -0.09424986835550886, -0.06032257618500847, -0.03379465474677508, 0.04376803602645085, -0.026336485596352044, 0.04352253891628455, -0.01646784002145471]
[0.07058528788489932, 0.04295740240500273, -0.023198562265175512, 0.06509766926076915, -0.09012809200357295, -0.05224121071362167, 0.0011261432391584253, -0.006627316399439032, -0.054314900111412295, -0.03260258733102199, 0.06201237083171576, -0.03155761837311588, 0.04179513854159131, -0.06707608397565176, -0.05904887748865957, -0.027744250511408983]
[-0.0679561020112856, 0.09848448096952742, -0.05085007813350273, 0.026113996876026363, 0.024093049902926406, -0.037411634985025005, 0.03647548168663023, 0.05697761901444107, -0.0623461673959898, -0.011130967453917312, -0.016967555624403594, 0.0254701535940334, -0.002473458070689244, 0.030922307211350836, -0.05564552809603756, -0.010712733135619379]
[-0.0914974441469328, 0.07309108520927565, -0.0886187473100749, 0.04289171404610281, -0.09243054064246095, -0.0932386786316974, 0.03541503173387381, -0.04510751595644154, 0.03570129098731373, 0.06173796424574848, -0.022162140831961663, 0.0031639161639997193, -0.05010509771900711, 0.026855813514079174, -0.08997014047125372, -0.05684327945808357]
[-0.03584281578423468, 0.018156931479219082, -0.01412956176837929, -0.08879651572414148, 0.061250856051886376, 0.0678206641294152, -0.03351155379861799, -0.01248411278094845, 0.09514105685898319, 0.01389020847245244, 0.0635042819931535, 0.01334198623208413, 0.005535531913137451, 0.037691004684561435, 0.08795532482991503, 0.01408447276564806]
[-0.04206513288038419, 0.00578294309692913, 0.008512232175790585, -0.09264288404264304, -0.0018363914675227216, -0.09046090405721628, 0.01402379098091544, -0.0942120740976634, -0.03486576156988744, -0.07666503120802651, 0.04172693495603269, -0.0006066037063760243, 0.05130444010088117, 0.03328144198414401, -0.061684121047735886, 0.054875210398783486]
[-0.06205137471849995, 0.06516697563093318, 0.005952736864617544, 0.07651226917216344, -0.018361968992056915, -0.07836058385256978, -0.021815982155564545, -0.01344391993222871, 0.058828720236254184, -0.06063677573508837, 0.04300671216689797, 0.09449080641175076, 0.04839324939227266, 0.08016915315242187, 0.024286159553547654, 0.030036139998328215]
[0.04229992073524794, -0.08457982937145073, 0.06633647507021559, 0.08815793136998559, -0.05825064996031584, 0.019932077555460365, -0.035161325150511, 0.09933609427706722, -0.023050838008850036, 0.051188413945181976, -0.08394604442813638, 0.0540734035709724, 0.056605673904789655, -0.09395323440518195, 0.0555995780298823, 0.0639436927642407]
[-0.02085417800942309, 0.08338688958411741, -0.030999365289280087, -0.07047741044488175, 0.08859136417432914, -0.07880178710607787, 0.02388564977508567, 0.05657551133629521, 0.016136175163688454, -0.08673262315785955, -0.06462402419081634, -0.06604554379062574, -0.026515372677572868, 0.011360467991368764, 0.047743761762183035, 0.051014656519357354]
[0.002363814519403859, -0.06901861704355448, -0.0921195609994307, 0.061607297202689065, 0.09290989757087237, 0.0031413518144257635, 0.015759877287209997, 0.01936186805795008, -0.00978536498224239, 0.030076495758867366, -0.08002623900892068, -0.056843019635978646, -0.003265130289423837, -0.03994420516716582, -0.03743629466380241, 0.004288648722141852]
[0.09410298525513153, -0.05181599454649222, 0.025773936402640085, 0.01672129515065826, 0.04487278144081133, -0.019970673244541243, 0.05067179122523485, 0.08405946466657427, 0.015540840785604984, -0.007341755736091193, -0.05434550929034561, 0.052698690920643915, 0.0018912626037611568, 0.05851042063352166, 0.00048415346153649064, 0.09307231661818197]
[-0.03541077484405519, -0.06526022208232948, -0.009411769861410166, -0.04346063120032544, 0.0013450346092393206, 0.06109787964969651, -0.07030844693988723, -0.015722678429568246, 0.06422486381263251, -0.04514693762709807, 0.08602085955055946, -0.01653191773321952, 0.09336319289497164, 0.053610546771858475, -0.09497131153473233, 0.02037855217162328]
[0.00978359237567103, -0.0180802435671632, 0.011223539030416285, -0.027752717136153154, 0.026270241172439895, -0.026294589463217125, 0.03633687056363211, -0.03169437390246414, 0.06206264010350879, -0.03950644978174627, -0.08646088963650898, -0.05853078374280765, 0.09075752274760282, -0.04214330390437285, -0.01632206368932447, -0.04057562344160257]
[0.044133833377771436, -0.031832133462019616, -0.005328806893423521, 0.02102833302688316, -0.09887140880878037, -0.07797198423144083, -0.09953920838577907, -0.080859026371505, -0.008140372334525775, -0.07126009237122143, -0.08688915333356216, 0.04732780783372453, -0.03279227057110111, -0.027692913344619194, -0.023786603059794936, -0.08712977316299403]
[0.07185041862458438, 0.05117846879147003, 0.0921642947699216, -0.061820916019666154, 0.05053800690869176, 0.08801791592928629, 0.07314966735659809, 0.01028488699556837, -0.07508444801918622, -0.07597908128521623, -0.05521712701312667, -0.07127809881648504, -0.07673282091414174, 0.08334057386319091, -0.03389668735619038, 0.08662597351398357]
[-0.025489469939204742, -0.03358621863973142, 0.03555187912830679, -0.02421346354639327, -0.09352105778055844, 0.04575578632218408, -0.07634295683290425, 0.0435035379196575, 0.09234278568052862, -0.07572636407437586, 0.004643944377955525, -0.08919687551814069, -0.03860430434511595, -0.02834546629254313, 0.00204868384567522, 0.06776013296831895]
[-0.09271364556265049, -0.07161911082097774, 0.060632892948713074, 0.03337210227304371, 0.07567575558842088, -0.057339136177488294, -0.09119462281735279, 0.06838966313832456, 0.004978788361994543, 0.032177002454733705, -0.03319142279593919, 0.05950513655522757, -0.003326015803815613, -0.028527833776545913, -0.05058911560262607, -0.09726887703631365]
[0.07049643706336572, 0.06349339038555174, 0.06973607647906885, 0.003993382260620654, 0.08017417251307624, -0.05983574508585674, -0.07754873570377517, 0.011392070283559597, 0.04243090380952824, -0.0005024711120623915, 0.011567572821758867, -0.0016411686401181652, -0.034177490989140163, -0.06965735919398164, -0.05812382002091052, 0.011358363760939821]
[-0.07175352296404086, -0.015088875820775074, -0.0159386587453791, -0.010204061576269768, -0.018215246849446115, -0.08112313760489882, -0.05083683695679689, -0.03376670928539001, 0.08482733415384894, 0.05329409819538891, 0.056100655003919114, -0.06916376201111957, -0.009555520199408446, 0.05909614096008042, 0.040372536961807926, 0.045183998602472464]
[0.08657628400476114, 0.03375914459141666, 0.09708665841959618, 0.09927308769570717, 0.07435463185417174, 0.05047962073506229, 0.06510256505311035, -0.08617541631318333, -0.09025891768713656, -0.011373636875276191, -0.003060429890187441, -0.05898647248872777, 0.04058918561945307, 0.09244797650115563, -0.04780729936637321, 0.03383041397340608]
[-0.003583714994385215, -0.009425269894749871, 0.0238527030257564, 0.03310292078960611, 0.07917818133679067, -0.024527999147479634, 0.02954736588791798, -0.08193385175202304, 0.036808333130336324, 0.021973684610502836, 0.07122191494329022, 0.024885336817839193, 0.02624895794462062, 0.018037686551123436, -0.03431959856836875, 0.06920038091775382]
[0.03617567358533716, 0.05580140429146002, 0.010984585049382017, 0.08222768055137647, -0.0779062606460706, 0.06372619620627065, 0.01341652803573419, -0.08011108735750667, 0.04447200477330898, 0.08107327438707856, 0.0476409949230277, -0.05869448147546155, -0.014533795810116198, 0.09655703379785124, 0.06690392781903048, -0.09371912832242862]
[-0.015859359030904074, 0.054046224244497953, -0.027516795878044273, -0.0891238802556263, 0.06639246589499523, -0.09155778160340665, 0.035317053151569466, 0.0949706329109686, -0.07528675749188858, 0.025007693151956667, -0.051108335687042476, -0.09616829181662392, 0.07614719924661087, 0.0758760843459606, 0.0623932097002656, -0.0021802423889732137]
[-0.08866051593953002, 0.06328261704153326, -0.07590907211256576, -0.017606951338410726, 0.0830825829256703, 0.06846449804811647, 0.036369426280924155, 0.03371907011496442, -0.0849677877331495, -0.0030048057807375433, -0.0648072798493338, 0.06833274411182721, -0.07555359058537536, 0.039857664377388524, 0.0006631839630098363, -0.08617831473873601]
[-0.05495199486047702, -0.05550557179636637, 0.09652498009594343, 0.057768430625271566, -0.07582207288171157, 0.027688491053696862, -0.022985662950666397, 0.05850004359796854, -0.06414856912636153, 0.04497106123260597, -0.08149049504755886, 0.051758754297636406, -0.05419660822660921, -0.06908426623788555, 0.09440268277506422, 0.02185577394111446]
[-0.08714730067358911, -0.053720905875805296, -0.021610801018815934, -0.017730060364777617, 0.07369707975225956, -0.08107972898379256, -0.030393298401173094, -0.002659288000854493, -0.008214478716204218, 0.08872623876664928, -0.044857271525017284, -0.011709945871706401, -0.017653299655430915, 0.020843130253392156, -0.010323944491384601, -0.004897550335017639]
[0.07358875246471683, 0.08783753338623443, 0.04558353360155121, 0.04328785755544545, 0.030300461292453118, -0.010983554211790009, 0.044718865608532915, -0.056534775632144, 0.0041438930992622885, -0.012470353329464695, 0.03764395491139849, 0.000840465618969069, 0.08272027385118372, -0.06871242930396, -0.012895517542809043, 0.07525556306276096]
[0.0026438337185864524, 0.016826212789311443, -0.031133004476556675, -0.04961121729672078, -0.08362865687830286, 0.06519508891292344, 0.024695199244945273, -0.032878715627994964, 0.07389590685889477, -0.09216177800957388, -0.09984887410844256, 0.006008816485022009, 0.08472243228944326, -0.050906362304569464, 0.05401955484786761, -0.007336212363458577]
[0.021138053184726585, 0.006850889152924644, 0.05796958607358921, -0.054741469216533695, -0.09111882159006351, 0.08253597423995768, 0.09538041957449789, -0.07028317244024876, 0.09819919658967569, 0.002935163127245871, -0.02605187690964665, -0.0008774325292353752, -0.03538741770927656, 0.060512012315822095, -0.07865321012699492, -0.06518575638013366]
[0.01720987076277118, -0.06696957835621103, 0.08931631457442543, 0.06111287693072251, 0.05991265250696329, -0.02296911167363018, -0.038597767935219546, -0.002454083911503785, 0.009014726756995259, -0.07514560949846608, -0.0009211567501068024, -0.013195752891584964, -0.05025950446238328, 0.021516544511166177, -0.07435582414201519, -0.09883623442537573]
[-0.029838982598562797, 0.09659227411367713, 0.09797229053604942, 0.0387934353801232, -0.004276654937854979, -0.021417710762042977, 0.023992776866443036, -0.048532456611086364, 0.07479987972397412, -0.04903724710188087, -0.0424636510949366, -0.0497158890007291, -0.060231314988887945, -0.04686036864407548, -0.08266016070907378, -0.038957965015018206]
[-0.004920808417353789, -0.0776377037843361, 0.07787416152278837, 0.0007148283309714731, 0.08223244910947577, -0.08361248888554795, 0.05021425762592535, 0.038818391340713104, -0.07180666974408421, -0.06889303604019176, 0.05432428692344901, -0.02900069988794196, -0.023451545296951842, -0.09582730823543989, -0.004671247147496699, 0.006413918352368403]
[-0.04853961184234217, 0.08460867140905401, -0.013224629348364617, -0.09414935862470647, -0.04343347502632433, -0.06274159595887105, 0.006749370807135585, -0.03507313690460315, -0.028526773931866894, 0.033976117546903356, -0.06437047011715376, -0.0756247115362913, -0.046513799690093574, 0.038401131756949036, 0.04543242002245215, -0.07754772849314569]
[0.04331253056361828, -0.06754958926501167, 0.044895809044103036, 0.04466063572001544, 0.03502487465182602, 0.09598648916825009, -0.06876590454693753, 0.0910382077789138, 0.07597335796874077, 0.04253439233518813, -0.06272827378757811, 0.09005904995707695, 0.033677595871744126, -0.09716794446774818, 0.011115629019174428, -0.05819389276727305]
[-0.05047058799480835, -0.06000454303148586, 0.04663570226492644, -0.021174837027066934, 0.04577891030507536, -0.03951478516577916, 0.05624314525376181, 0.09201537398153689, 0.09992000304544799, -0.0670578343836062, -0.004138322419708879, -0.061121529406196556, -0.012902305489344706, 0.0666063685595516, 0.015620197048231116, 0.03426420812609715]
[0.03153065424767773, 0.05301527022008859, 0.04494026070112761, -0.0012781207837222475, 0.09596395289294979, 0.012832558495197308, -0.033563000287592626, 0.023247686518217653, 0.06257152949648212, -0.0377977889276943, -0.012088940668020048, -0.008634044445100339, 0.0423050295424775, 0.028163096505319646, 0.038083300131942166, -0.0032447275512000467]
[-0.06351689729888506, -0.07071032071934386, -0.09667287654379736, 0.06196141069425956, 0.05148720895231121, -0.0825335701845785, 0.0955517920458919, -0.07119581129159032, 0.004359757832784195, -0.023061708035596193, 0.042225261545654924, 0.07260031708359732, -0.027208069707945343, -0.06032848497323247, -0.07376677876385895, 0.004982871208078471]
[0.055151742013415966, -0.046549774893722855, 0.08989753772875686, -0.006441121403386291, -0.043510435797468494, -0.002430945254353903, 0.06581905867632051, -0.04380620605896335, 0.03652107857829043, 0.0709529203105615, -0.05511182471243066, 0.025306367462194695, -0.09458113359110712, -0.04619196469080438, 0.025974417606642042, 0.01566466752895586]
[-0.06797447388599505, -0.06510540397773071, -0.07083597720601778, -0.037186476735918336, -2.886090492178195e-05, -0.06673712776903729, -0.01709860326227497, -0.06721781316244427, 0.06314708693292156, 0.017471158743115736, 0.024686630409553656, 0.07491829613400533, -0.04551259683453453, -0.009446668258784818, -0.04705874663414636, 0.09906768681172651]
[0.09359885092739809, -0.07434369365522331, 0.06966148305908848, -0.008959306129142905, -0.0021855824179276284, 0.08017296969379603, -0.08210062071082412, -0.005456879683544288, -0.008842246986015684, -0.03121949197270034, -0.029826256708863394, -0.0975221354491028, -0.05575818391600904, -0.09086797057996057, 0.0497242442325867, -0.06511883819913586]
[0.06576815453421136, 0.03993744328422685, 0.06370874388441305, 0.011205979040478639, 0.0195509167535121, -0.04027591538265345, -0.047282421678505965, 0.04059022619860017, -0.042538226881719154, -0.01459167634901408, -0.05489151066026168, -0.08962790557132412, -0.07240520629829342, 0.026164575574325666, -0.00018469689449165938, 0.09193534152253055]
[-0.0955970023160075, -0.05407719663158235, 0.09220731366923382, 0.03611370708403974, -0.04657020717595189, 0.018653687005306757, -0.05378515269643898, -0.02398904270377475, 0.0340709565095107, -0.053683089382311616, 0.07143371203109344, -0.07031518708264291, -0.014651954603329687, 0.07039171226698165, 0.030571073014121014, -0.024090737832822423]
[0.07068602494049805, 0.05336297887172492, 0.09018110682794458, -0.01589909793633, -0.052591262975737955, 0.08804093111921599, -0.03275430690103549, -0.019568326005888564, 0.0036871358853920178, -0.07772807523604995, 0.06654144397743186, -0.01907384960707048, -0.09453508888069595, -0.09543317527543888, -0.0027714201087541274, -0.07412993518379248]
[0.07049462375801022, -0.018023181887928702, 0.07770951688682043, -0.029507929008730213, 0.031119834844425126, 0.06630210286374319, -0.09953351721815161, -0.020813913513866383, 0.049815321229401105, 0.07001404092229133, 0.047458795889893934, 0.07043031653940576, -0.014322250655665433, -0.07493997455934716, -0.06762050635865077, 0.08961889244906121]
[-0.07423090360441918, 0.03744563350514135, -0.055050686154590925, 0.0023727294739530197, -0.05849744932343857, 0.033617760092088944, 0.015726094840259414, 0.04217386225105843, 0.01909098802933809, -0.05005859880000401, -0.025843123968773626, -0.0757085284175741, -0.04430449479491647, 0.01465901507532405, -0.0008594482797237013, 0.09767327978299173]
[0.078634893611474, 0.03344192224202963, -0.09575832882617133, 0.06029346376600192, 0.08139719190324776, -0.0284167578645336, 0.012347572815669144, -0.07694330548129232, -0.02086265084532242, 0.013455856325864143, 0.08289788626307379, -0.07727974006348581, 0.01977908974580163, 0.041452608168656785, 0.07639816707349384, 0.042491570448019045]
[0.09257757202791228, 0.008302040894170831, 0.08867050918634148, 0.02019865941140453, -0.05572683955699014, 0.04272305029344858, 0.07273593213346777, 0.04940859994002611, 0.0034649838242326314, -0.035395885674228064, 0.030543259753675334, 0.06458080061359217, 0.012840617197382206, -0.07982948249500438, 0.01741321221842193, 0.005319524036380668]
[-0.05016740273494474, 0.041265976474658767, 0.06421942651244703, 0.04044283534571311, 0.033408226564299426, -0.09692711943363314, 0.03281638320994462, -0.027935349468653947, 0.07389787628462924, 0.06981211122738112, 0.08103754793165702, 0.07516525367937715, -0.06985865077252865, 0.08951107391089494, 0.08551880867717515, 0.005796424347857321]
[0.021590447491868517, 0.015550451637291185, -0.043675773503700825, 0.0047854451676050125, 0.07481175170017124, 0.009234971992296254, 0.012545896252116481, -0.0861347953923471, -0.047999954259058765, -0.07528086430735192, 0.007919108429776917, 0.0983078902093345, -0.021896554245655536, -0.003266708519471126, 0.03927709173843327, -0.051655373597201515]
